native	Set up job	﻿2026-09-18T11:36:01.2271852Z Current runner version: '2.337.0'
native	Set up job	2026-09-18T11:36:01.2310753Z ##[group]Runner Image Provisioner
native	Set up job	2026-09-18T11:36:01.2311505Z Hosted Compute Agent
native	Set up job	2026-09-18T11:36:01.2311982Z Version: 20260828.587
native	Set up job	2026-09-18T11:36:01.2312450Z Commit: abac92662cab4cc7352de4f9f9d2e2419aad9c29
native	Set up job	2026-09-18T11:36:01.2313051Z Build Date: 2026-08-28T16:44:25Z
native	Set up job	2026-09-18T11:36:01.2313583Z Worker ID: {628b1427-31a4-4707-8ee9-8ed9ff373a2f}
native	Set up job	2026-09-18T11:36:01.2314160Z Azure Region: mexicocentral
native	Set up job	2026-09-18T11:36:01.2314641Z ##[endgroup]
native	Set up job	2026-09-18T11:36:01.2315706Z ##[group]Operating System
native	Set up job	2026-09-18T11:36:01.2316211Z Microsoft Windows Server 2025
native	Set up job	2026-09-18T11:36:01.2316664Z 10.0.26100
native	Set up job	2026-09-18T11:36:01.2317090Z Datacenter
native	Set up job	2026-09-18T11:36:01.2317479Z ##[endgroup]
native	Set up job	2026-09-18T11:36:01.2317867Z ##[group]Runner Image
native	Set up job	2026-09-18T11:36:01.2318320Z Image: windows-2025-vs2026
native	Set up job	2026-09-18T11:36:01.2318759Z Version: 20260907.229.1
native	Set up job	2026-09-18T11:36:01.2319621Z Included Software: https://github.com/actions/runner-images/blob/win25-vs2026/20260907.229/images/windows/Windows2025-VS2026-Readme.md
native	Set up job	2026-09-18T11:36:01.2321276Z Image Release: https://github.com/actions/runner-images/releases/tag/win25-vs2026%2F20260907.229
native	Set up job	2026-09-18T11:36:01.2322369Z ##[endgroup]
native	Set up job	2026-09-18T11:36:01.2323405Z ##[group]GITHUB_TOKEN Permissions
native	Set up job	2026-09-18T11:36:01.2324981Z Contents: read
native	Set up job	2026-09-18T11:36:01.2325466Z Metadata: read
native	Set up job	2026-09-18T11:36:01.2325933Z ##[endgroup]
native	Set up job	2026-09-18T11:36:01.2327696Z Secret source: Actions
native	Set up job	2026-09-18T11:36:01.2328403Z Cache mode: write
native	Set up job	2026-09-18T11:36:01.2328952Z Prepare workflow directory
native	Set up job	2026-09-18T11:36:01.2644833Z Prepare all required actions
native	Set up job	2026-09-18T11:36:01.2699800Z Getting action download info
native	Set up job	2026-09-18T11:36:01.5710702Z Download action repository 'actions/checkout@v4' (SHA:11d5960a326750d5838078e36cf38b85af677262)
native	Set up job	2026-09-18T11:36:01.6813219Z Download action repository 'dtolnay/rust-toolchain@master' (SHA:02cb101ec7c40f2c49e1d9714d64511d8e1b74de)
native	Set up job	2026-09-18T11:36:01.9467295Z Download action repository 'actions/setup-python@v5' (SHA:a26af69be951a213d495a4c3e4e4022e16d87065)
native	Set up job	2026-09-18T11:36:02.1143229Z Download action repository 'actions/upload-artifact@v4' (SHA:ea165f8d65b6e75b540449e92b4886f43607fa02)
native	Set up job	2026-09-18T11:36:02.4382517Z Complete job name: native
native	Run actions/checkout@v4	﻿2026-09-18T11:36:02.5999242Z Node 20 is being deprecated. This workflow is running with Node 24 by default. If you need to temporarily use Node 20, you can set the ACTIONS_ALLOW_USE_UNSECURE_NODE_VERSION=true environment variable. For more information see: https://github.blog/changelog/2025-09-19-deprecation-of-node-20-on-github-actions-runners/
native	Run actions/checkout@v4	2026-09-18T11:36:02.6007627Z ##[group]Run actions/checkout@v4
native	Run actions/checkout@v4	2026-09-18T11:36:02.6008180Z with:
native	Run actions/checkout@v4	2026-09-18T11:36:02.6008495Z   repository: TheWoovee/BareLine
native	Run actions/checkout@v4	2026-09-18T11:36:02.6011871Z   token: ***
native	Run actions/checkout@v4	2026-09-18T11:36:02.6012195Z   ssh-strict: true
native	Run actions/checkout@v4	2026-09-18T11:36:02.6012511Z   ssh-user: git
native	Run actions/checkout@v4	2026-09-18T11:36:02.6012841Z   persist-credentials: true
native	Run actions/checkout@v4	2026-09-18T11:36:02.6013200Z   clean: true
native	Run actions/checkout@v4	2026-09-18T11:36:02.6013551Z   sparse-checkout-cone-mode: true
native	Run actions/checkout@v4	2026-09-18T11:36:02.6013922Z   fetch-depth: 1
native	Run actions/checkout@v4	2026-09-18T11:36:02.6014229Z   fetch-tags: false
native	Run actions/checkout@v4	2026-09-18T11:36:02.6014556Z   show-progress: true
native	Run actions/checkout@v4	2026-09-18T11:36:02.6014903Z   lfs: false
native	Run actions/checkout@v4	2026-09-18T11:36:02.6015190Z   submodules: false
native	Run actions/checkout@v4	2026-09-18T11:36:02.6015549Z   set-safe-directory: true
native	Run actions/checkout@v4	2026-09-18T11:36:02.6015913Z   allow-unsafe-pr-checkout: false
native	Run actions/checkout@v4	2026-09-18T11:36:02.6016414Z ##[endgroup]
native	Run actions/checkout@v4	2026-09-18T11:36:02.7274814Z Syncing repository: TheWoovee/BareLine
native	Run actions/checkout@v4	2026-09-18T11:36:02.7276444Z ##[group]Getting Git version info
native	Run actions/checkout@v4	2026-09-18T11:36:02.7276920Z Working directory is 'D:\a\BareLine\BareLine'
native	Run actions/checkout@v4	2026-09-18T11:36:02.7864936Z [command]"C:\Program Files\Git\bin\git.exe" version
native	Run actions/checkout@v4	2026-09-18T11:36:03.3488329Z git version 2.55.0.windows.5
native	Run actions/checkout@v4	2026-09-18T11:36:03.3529896Z ##[endgroup]
native	Run actions/checkout@v4	2026-09-18T11:36:03.3545966Z Temporarily overriding HOME='D:\a\_temp\5432eb82-cdb8-4aa5-8ada-f713882d09cf' before making global git config changes
native	Run actions/checkout@v4	2026-09-18T11:36:03.3549738Z Adding repository directory to the temporary git global config as a safe directory
native	Run actions/checkout@v4	2026-09-18T11:36:03.3555509Z [command]"C:\Program Files\Git\bin\git.exe" config --global --add safe.directory D:\a\BareLine\BareLine
native	Run actions/checkout@v4	2026-09-18T11:36:03.4144549Z Deleting the contents of 'D:\a\BareLine\BareLine'
native	Run actions/checkout@v4	2026-09-18T11:36:03.4150332Z ##[group]Initializing the repository
native	Run actions/checkout@v4	2026-09-18T11:36:03.4160386Z [command]"C:\Program Files\Git\bin\git.exe" init D:\a\BareLine\BareLine
native	Run actions/checkout@v4	2026-09-18T11:36:03.5500858Z Initialized empty Git repository in D:/a/BareLine/BareLine/.git/
native	Run actions/checkout@v4	2026-09-18T11:36:03.5542611Z [command]"C:\Program Files\Git\bin\git.exe" remote add origin https://github.com/TheWoovee/BareLine
native	Run actions/checkout@v4	2026-09-18T11:36:03.6231439Z ##[endgroup]
native	Run actions/checkout@v4	2026-09-18T11:36:03.6233016Z ##[group]Disabling automatic garbage collection
native	Run actions/checkout@v4	2026-09-18T11:36:03.6238620Z [command]"C:\Program Files\Git\bin\git.exe" config --local gc.auto 0
native	Run actions/checkout@v4	2026-09-18T11:36:03.6486046Z ##[endgroup]
native	Run actions/checkout@v4	2026-09-18T11:36:03.6487531Z ##[group]Setting up auth
native	Run actions/checkout@v4	2026-09-18T11:36:03.6496257Z [command]"C:\Program Files\Git\bin\git.exe" config --local --name-only --get-regexp core\.sshCommand
native	Run actions/checkout@v4	2026-09-18T11:36:03.6748935Z [command]"C:\Program Files\Git\bin\git.exe" submodule foreach --recursive "sh -c \"git config --local --name-only --get-regexp 'core\.sshCommand' && git config --local --unset-all 'core.sshCommand' || :\""
native	Run actions/checkout@v4	2026-09-18T11:36:05.7118461Z [command]"C:\Program Files\Git\bin\git.exe" config --local --name-only --get-regexp http\.https\:\/\/github\.com\/\.extraheader
native	Run actions/checkout@v4	2026-09-18T11:36:05.7375504Z [command]"C:\Program Files\Git\bin\git.exe" submodule foreach --recursive "sh -c \"git config --local --name-only --get-regexp 'http\.https\:\/\/github\.com\/\.extraheader' && git config --local --unset-all 'http.https://github.com/.extraheader' || :\""
native	Run actions/checkout@v4	2026-09-18T11:36:06.1702035Z [command]"C:\Program Files\Git\bin\git.exe" config --local --name-only --get-regexp ^includeIf\.gitdir:
native	Run actions/checkout@v4	2026-09-18T11:36:06.1954476Z [command]"C:\Program Files\Git\bin\git.exe" submodule foreach --recursive "git config --local --show-origin --name-only --get-regexp remote.origin.url"
native	Run actions/checkout@v4	2026-09-18T11:36:06.6296238Z [command]"C:\Program Files\Git\bin\git.exe" config --local http.https://github.com/.extraheader "AUTHORIZATION: basic ***"
native	Run actions/checkout@v4	2026-09-18T11:36:06.6567760Z ##[endgroup]
native	Run actions/checkout@v4	2026-09-18T11:36:06.6570441Z ##[group]Fetching the repository
native	Run actions/checkout@v4	2026-09-18T11:36:06.6578858Z [command]"C:\Program Files\Git\bin\git.exe" -c protocol.version=2 fetch --no-tags --prune --no-recurse-submodules --depth=1 origin +59f399a8ff2fa6723015979019a17f607b3d7982:refs/remotes/origin/master
native	Run actions/checkout@v4	2026-09-18T11:36:10.6519615Z From https://github.com/TheWoovee/BareLine
native	Run actions/checkout@v4	2026-09-18T11:36:10.6520742Z  * [new ref]         59f399a8ff2fa6723015979019a17f607b3d7982 -> origin/master
native	Run actions/checkout@v4	2026-09-18T11:36:10.6559425Z ##[endgroup]
native	Run actions/checkout@v4	2026-09-18T11:36:10.6560133Z ##[group]Determining the checkout info
native	Run actions/checkout@v4	2026-09-18T11:36:10.6561657Z ##[endgroup]
native	Run actions/checkout@v4	2026-09-18T11:36:10.6569984Z [command]"C:\Program Files\Git\bin\git.exe" sparse-checkout disable
native	Run actions/checkout@v4	2026-09-18T11:36:10.6961619Z [command]"C:\Program Files\Git\bin\git.exe" config --local --unset-all extensions.worktreeConfig
native	Run actions/checkout@v4	2026-09-18T11:36:10.7200627Z ##[group]Checking out the ref
native	Run actions/checkout@v4	2026-09-18T11:36:10.7207917Z [command]"C:\Program Files\Git\bin\git.exe" checkout --progress --force -B master refs/remotes/origin/master
native	Run actions/checkout@v4	2026-09-18T11:36:12.1047474Z Updating files:  45% (1948/4238)
native	Run actions/checkout@v4	2026-09-18T11:36:12.1195733Z Updating files:  46% (1950/4238)
native	Run actions/checkout@v4	2026-09-18T11:36:12.1441645Z Updating files:  47% (1992/4238)
native	Run actions/checkout@v4	2026-09-18T11:36:12.1702836Z Updating files:  48% (2035/4238)
native	Run actions/checkout@v4	2026-09-18T11:36:12.1873071Z Updating files:  49% (2077/4238)
native	Run actions/checkout@v4	2026-09-18T11:36:12.2082695Z Updating files:  50% (2119/4238)
native	Run actions/checkout@v4	2026-09-18T11:36:12.2204372Z Updating files:  51% (2162/4238)
native	Run actions/checkout@v4	2026-09-18T11:36:12.2343484Z Updating files:  52% (2204/4238)
native	Run actions/checkout@v4	2026-09-18T11:36:12.2431997Z Updating files:  53% (2247/4238)
native	Run actions/checkout@v4	2026-09-18T11:36:12.2537775Z Updating files:  54% (2289/4238)
native	Run actions/checkout@v4	2026-09-18T11:36:12.2692410Z Updating files:  55% (2331/4238)
native	Run actions/checkout@v4	2026-09-18T11:36:12.2774358Z Updating files:  56% (2374/4238)
native	Run actions/checkout@v4	2026-09-18T11:36:12.2965228Z Updating files:  57% (2416/4238)
native	Run actions/checkout@v4	2026-09-18T11:36:12.3112331Z Updating files:  58% (2459/4238)
native	Run actions/checkout@v4	2026-09-18T11:36:12.3204643Z Updating files:  59% (2501/4238)
native	Run actions/checkout@v4	2026-09-18T11:36:12.3373046Z Updating files:  60% (2543/4238)
native	Run actions/checkout@v4	2026-09-18T11:36:12.3442394Z Updating files:  61% (2586/4238)
native	Run actions/checkout@v4	2026-09-18T11:36:12.3516457Z Updating files:  62% (2628/4238)
native	Run actions/checkout@v4	2026-09-18T11:36:12.3653821Z Updating files:  63% (2670/4238)
native	Run actions/checkout@v4	2026-09-18T11:36:12.3746317Z Updating files:  64% (2713/4238)
native	Run actions/checkout@v4	2026-09-18T11:36:12.3865204Z Updating files:  65% (2755/4238)
native	Run actions/checkout@v4	2026-09-18T11:36:12.3979837Z Updating files:  66% (2798/4238)
native	Run actions/checkout@v4	2026-09-18T11:36:12.4113689Z Updating files:  67% (2840/4238)
native	Run actions/checkout@v4	2026-09-18T11:36:12.4196866Z Updating files:  68% (2882/4238)
native	Run actions/checkout@v4	2026-09-18T11:36:12.4442954Z Updating files:  69% (2925/4238)
native	Run actions/checkout@v4	2026-09-18T11:36:12.4518659Z Updating files:  70% (2967/4238)
native	Run actions/checkout@v4	2026-09-18T11:36:12.5717941Z Updating files:  71% (3009/4238)
native	Run actions/checkout@v4	2026-09-18T11:36:12.5801122Z Updating files:  72% (3052/4238)
native	Run actions/checkout@v4	2026-09-18T11:36:12.6984956Z Updating files:  73% (3094/4238)
native	Run actions/checkout@v4	2026-09-18T11:36:12.7084715Z Updating files:  74% (3137/4238)
native	Run actions/checkout@v4	2026-09-18T11:36:12.7169715Z Updating files:  75% (3179/4238)
native	Run actions/checkout@v4	2026-09-18T11:36:12.7269534Z Updating files:  76% (3221/4238)
native	Run actions/checkout@v4	2026-09-18T11:36:12.7388694Z Updating files:  77% (3264/4238)
native	Run actions/checkout@v4	2026-09-18T11:36:12.7507817Z Updating files:  78% (3306/4238)
native	Run actions/checkout@v4	2026-09-18T11:36:12.7627634Z Updating files:  79% (3349/4238)
native	Run actions/checkout@v4	2026-09-18T11:36:12.7731498Z Updating files:  80% (3391/4238)
native	Run actions/checkout@v4	2026-09-18T11:36:12.7944336Z Updating files:  81% (3433/4238)
native	Run actions/checkout@v4	2026-09-18T11:36:12.8043823Z Updating files:  82% (3476/4238)
native	Run actions/checkout@v4	2026-09-18T11:36:12.9185873Z Updating files:  83% (3518/4238)
native	Run actions/checkout@v4	2026-09-18T11:36:12.9271351Z Updating files:  84% (3560/4238)
native	Run actions/checkout@v4	2026-09-18T11:36:13.0436581Z Updating files:  85% (3603/4238)
native	Run actions/checkout@v4	2026-09-18T11:36:13.1050821Z Updating files:  86% (3645/4238)
native	Run actions/checkout@v4	2026-09-18T11:36:13.1132749Z Updating files:  87% (3688/4238)
native	Run actions/checkout@v4	2026-09-18T11:36:13.1252660Z Updating files:  88% (3730/4238)
native	Run actions/checkout@v4	2026-09-18T11:36:13.1336412Z Updating files:  89% (3772/4238)
native	Run actions/checkout@v4	2026-09-18T11:36:13.1871263Z Updating files:  90% (3815/4238)
native	Run actions/checkout@v4	2026-09-18T11:36:13.2010379Z Updating files:  91% (3857/4238)
native	Run actions/checkout@v4	2026-09-18T11:36:13.2368721Z Updating files:  92% (3899/4238)
native	Run actions/checkout@v4	2026-09-18T11:36:13.2618482Z Updating files:  93% (3942/4238)
native	Run actions/checkout@v4	2026-09-18T11:36:13.2721104Z Updating files:  94% (3984/4238)
native	Run actions/checkout@v4	2026-09-18T11:36:13.2813365Z Updating files:  95% (4027/4238)
native	Run actions/checkout@v4	2026-09-18T11:36:13.2906942Z Updating files:  96% (4069/4238)
native	Run actions/checkout@v4	2026-09-18T11:36:13.3041644Z Updating files:  97% (4111/4238)
native	Run actions/checkout@v4	2026-09-18T11:36:13.3134688Z Updating files:  98% (4154/4238)
native	Run actions/checkout@v4	2026-09-18T11:36:13.3233160Z Updating files:  99% (4196/4238)
native	Run actions/checkout@v4	2026-09-18T11:36:13.3233470Z Updating files: 100% (4238/4238)
native	Run actions/checkout@v4	2026-09-18T11:36:13.3233725Z Updating files: 100% (4238/4238), done.
native	Run actions/checkout@v4	2026-09-18T11:36:13.3397761Z Reset branch 'master'
native	Run actions/checkout@v4	2026-09-18T11:36:13.3459662Z branch 'master' set up to track 'origin/master'.
native	Run actions/checkout@v4	2026-09-18T11:36:13.3619182Z ##[endgroup]
native	Run actions/checkout@v4	2026-09-18T11:36:13.3931839Z [command]"C:\Program Files\Git\bin\git.exe" log -1 --format=%H
native	Run actions/checkout@v4	2026-09-18T11:36:13.4149302Z 59f399a8ff2fa6723015979019a17f607b3d7982
native	Run dtolnay/rust-toolchain@master	﻿2026-09-18T11:36:13.4643346Z ##[group]Run dtolnay/rust-toolchain@master
native	Run dtolnay/rust-toolchain@master	2026-09-18T11:36:13.4643707Z with:
native	Run dtolnay/rust-toolchain@master	2026-09-18T11:36:13.4643859Z   toolchain: 1.98.1
native	Run dtolnay/rust-toolchain@master	2026-09-18T11:36:13.4644024Z   components: rustfmt, clippy
native	Run dtolnay/rust-toolchain@master	2026-09-18T11:36:13.4644209Z ##[endgroup]
native	Run dtolnay/rust-toolchain@master	2026-09-18T11:36:13.4698097Z ##[start-action display=Parse toolchain version;id=__dtolnay_rust-toolchain.parse]
native	Run dtolnay/rust-toolchain@master	2026-09-18T11:36:13.4834229Z ##[group]Run if [[ -z $toolchain ]]; then
native	Run dtolnay/rust-toolchain@master	2026-09-18T11:36:13.4834540Z ^[[36;1mif [[ -z $toolchain ]]; then^[[0m
native	Run dtolnay/rust-toolchain@master	2026-09-18T11:36:13.4834972Z ^[[36;1m  # GitHub does not enforce `required: true` inputs itself. https://github.com/actions/runner/issues/1070^[[0m
native	Run dtolnay/rust-toolchain@master	2026-09-18T11:36:13.4835394Z ^[[36;1m  echo "'toolchain' is a required input" >&2^[[0m
native	Run dtolnay/rust-toolchain@master	2026-09-18T11:36:13.4835610Z ^[[36;1m  exit 1^[[0m
native	Run dtolnay/rust-toolchain@master	2026-09-18T11:36:13.4835868Z ^[[36;1melif [[ $toolchain =~ ^stable' '[0-9]+' '(year|month|week|day)s?' 'ago$ ]]; then^[[0m
native	Run dtolnay/rust-toolchain@master	2026-09-18T11:36:13.4836398Z ^[[36;1m  if [[ Windows == macOS ]]; then^[[0m
native	Run dtolnay/rust-toolchain@master	2026-09-18T11:36:13.4836795Z ^[[36;1m    echo "toolchain=1.$((($(date -v-$(sed 's/stable \([0-9]*\) \(.\).*/\1\2/' <<< $toolchain) +%s)/60/60/24-16569)/7/6))" >> $GITHUB_OUTPUT^[[0m
native	Run dtolnay/rust-toolchain@master	2026-09-18T11:36:13.4837225Z ^[[36;1m  else^[[0m
native	Run dtolnay/rust-toolchain@master	2026-09-18T11:36:13.4837522Z ^[[36;1m    echo "toolchain=1.$((($(date --date "${toolchain#stable }" +%s)/60/60/24-16569)/7/6))" >> $GITHUB_OUTPUT^[[0m
native	Run dtolnay/rust-toolchain@master	2026-09-18T11:36:13.4838072Z ^[[36;1m  fi^[[0m
native	Run dtolnay/rust-toolchain@master	2026-09-18T11:36:13.4838290Z ^[[36;1melif [[ $toolchain =~ ^stable' 'minus' '[0-9]+' 'releases?$ ]]; then^[[0m
native	Run dtolnay/rust-toolchain@master	2026-09-18T11:36:13.4838672Z ^[[36;1m  echo "toolchain=1.$((($(date +%s)/60/60/24-16569)/7/6-${toolchain//[^0-9]/}))" >> $GITHUB_OUTPUT^[[0m
native	Run dtolnay/rust-toolchain@master	2026-09-18T11:36:13.4839016Z ^[[36;1melif [[ $toolchain =~ ^1\.[0-9]+$ ]]; then^[[0m
native	Run dtolnay/rust-toolchain@master	2026-09-18T11:36:13.4839397Z ^[[36;1m  echo "toolchain=1.$((i=${toolchain#1.}, c=($(date +%s)/60/60/24-16569)/7/6, i+9*i*(10*i<=c)+90*i*(100*i<=c)))" >> $GITHUB_OUTPUT^[[0m
native	Run dtolnay/rust-toolchain@master	2026-09-18T11:36:13.4839752Z ^[[36;1melse^[[0m
native	Run dtolnay/rust-toolchain@master	2026-09-18T11:36:13.4839928Z ^[[36;1m  echo "toolchain=$toolchain" >> $GITHUB_OUTPUT^[[0m
native	Run dtolnay/rust-toolchain@master	2026-09-18T11:36:13.4840150Z ^[[36;1mfi^[[0m
native	Run dtolnay/rust-toolchain@master	2026-09-18T11:36:13.4854962Z shell: C:\Program Files\Git\bin\bash.EXE --noprofile --norc -e -o pipefail {0}
native	Run dtolnay/rust-toolchain@master	2026-09-18T11:36:13.4855280Z env:
native	Run dtolnay/rust-toolchain@master	2026-09-18T11:36:13.4855433Z   toolchain: 1.98.1
native	Run dtolnay/rust-toolchain@master	2026-09-18T11:36:13.4855596Z ##[endgroup]
native	Run dtolnay/rust-toolchain@master	2026-09-18T11:36:13.8697336Z ##[end-action id=__dtolnay_rust-toolchain.parse;outcome=success;conclusion=success;duration_ms=399]
native	Run dtolnay/rust-toolchain@master	2026-09-18T11:36:13.8707891Z ##[start-action display=Construct rustup command line;id=__dtolnay_rust-toolchain.flags]
native	Run dtolnay/rust-toolchain@master	2026-09-18T11:36:13.8844356Z ##[group]Run echo "targets=$(for t in ${targets//,/ }; do echo -n ' --target' $t; done)" >> $GITHUB_OUTPUT
native	Run dtolnay/rust-toolchain@master	2026-09-18T11:36:13.8844875Z ^[[36;1mecho "targets=$(for t in ${targets//,/ }; do echo -n ' --target' $t; done)" >> $GITHUB_OUTPUT^[[0m
native	Run dtolnay/rust-toolchain@master	2026-09-18T11:36:13.8845334Z ^[[36;1mecho "components=$(for c in ${components//,/ }; do echo -n ' --component' $c; done)" >> $GITHUB_OUTPUT^[[0m
native	Run dtolnay/rust-toolchain@master	2026-09-18T11:36:13.8845704Z ^[[36;1mecho "downgrade=" >> $GITHUB_OUTPUT^[[0m
native	Run dtolnay/rust-toolchain@master	2026-09-18T11:36:13.8855691Z shell: C:\Program Files\Git\bin\bash.EXE --noprofile --norc -e -o pipefail {0}
native	Run dtolnay/rust-toolchain@master	2026-09-18T11:36:13.8856002Z env:
native	Run dtolnay/rust-toolchain@master	2026-09-18T11:36:13.8856134Z   targets: 
native	Run dtolnay/rust-toolchain@master	2026-09-18T11:36:13.8856284Z   components: rustfmt, clippy
native	Run dtolnay/rust-toolchain@master	2026-09-18T11:36:13.8856459Z ##[endgroup]
native	Run dtolnay/rust-toolchain@master	2026-09-18T11:36:13.9376819Z ##[end-action id=__dtolnay_rust-toolchain.flags;outcome=success;conclusion=success;duration_ms=66]
native	Run dtolnay/rust-toolchain@master	2026-09-18T11:36:13.9378941Z ##[start-action display=Set $CARGO_HOME;id=__dtolnay_rust-toolchain.__run]
native	Run dtolnay/rust-toolchain@master	2026-09-18T11:36:13.9480913Z ##[group]Run echo CARGO_HOME=${CARGO_HOME:-"$USERPROFILE\.cargo"} >> $GITHUB_ENV
native	Run dtolnay/rust-toolchain@master	2026-09-18T11:36:13.9481329Z ^[[36;1mecho CARGO_HOME=${CARGO_HOME:-"$USERPROFILE\.cargo"} >> $GITHUB_ENV^[[0m
native	Run dtolnay/rust-toolchain@master	2026-09-18T11:36:13.9491279Z shell: C:\Program Files\Git\bin\bash.EXE --noprofile --norc -e -o pipefail {0}
native	Run dtolnay/rust-toolchain@master	2026-09-18T11:36:13.9491596Z ##[endgroup]
native	Run dtolnay/rust-toolchain@master	2026-09-18T11:36:13.9809209Z ##[end-action id=__dtolnay_rust-toolchain.__run;outcome=success;conclusion=success;duration_ms=42]
native	Run dtolnay/rust-toolchain@master	2026-09-18T11:36:13.9813421Z ##[start-action display=Install rustup if needed;id=__dtolnay_rust-toolchain.__run_2]
native	Run dtolnay/rust-toolchain@master	2026-09-18T11:36:13.9822047Z ##[end-action id=__dtolnay_rust-toolchain.__run_2;outcome=skipped;conclusion=skipped;duration_ms=0]
native	Run dtolnay/rust-toolchain@master	2026-09-18T11:36:13.9823614Z ##[start-action display=Install rustup if needed on windows;id=__dtolnay_rust-toolchain.__run_3]
native	Run dtolnay/rust-toolchain@master	2026-09-18T11:36:13.9951958Z ##[group]Run if ! command -v rustup &>/dev/null; then
native	Run dtolnay/rust-toolchain@master	2026-09-18T11:36:13.9952264Z ^[[36;1mif ! command -v rustup &>/dev/null; then^[[0m
native	Run dtolnay/rust-toolchain@master	2026-09-18T11:36:13.9952868Z ^[[36;1m  curl --proto '=https' --tlsv1.2 --retry 10 --retry-connrefused --location --silent --show-error --fail https://win.rustup.rs/x86_64 --output 'D:\a\_temp\rustup-init.exe'^[[0m
native	Run dtolnay/rust-toolchain@master	2026-09-18T11:36:13.9953506Z ^[[36;1m  'D:\a\_temp\rustup-init.exe' --default-toolchain none --no-modify-path -y^[[0m
native	Run dtolnay/rust-toolchain@master	2026-09-18T11:36:13.9953993Z ^[[36;1m  echo "$CARGO_HOME\bin" >> $GITHUB_PATH^[[0m
native	Run dtolnay/rust-toolchain@master	2026-09-18T11:36:13.9954214Z ^[[36;1mfi^[[0m
native	Run dtolnay/rust-toolchain@master	2026-09-18T11:36:13.9964089Z shell: C:\Program Files\Git\bin\bash.EXE --noprofile --norc -e -o pipefail {0}
native	Run dtolnay/rust-toolchain@master	2026-09-18T11:36:13.9964402Z env:
native	Run dtolnay/rust-toolchain@master	2026-09-18T11:36:13.9964559Z   CARGO_HOME: C:\Users\runneradmin\.cargo
native	Run dtolnay/rust-toolchain@master	2026-09-18T11:36:13.9964754Z ##[endgroup]
native	Run dtolnay/rust-toolchain@master	2026-09-18T11:36:14.0381135Z ##[end-action id=__dtolnay_rust-toolchain.__run_3;outcome=success;conclusion=success;duration_ms=55]
native	Run dtolnay/rust-toolchain@master	2026-09-18T11:36:14.0393031Z ##[start-action display=rustup toolchain install 1.98.1;id=__dtolnay_rust-toolchain.__run_4]
native	Run dtolnay/rust-toolchain@master	2026-09-18T11:36:14.0499393Z ##[group]Run rustup toolchain install 1.98.1 --component rustfmt --component clippy --profile minimal --no-self-update --force-non-host
native	Run dtolnay/rust-toolchain@master	2026-09-18T11:36:14.0500096Z ^[[36;1mrustup toolchain install 1.98.1 --component rustfmt --component clippy --profile minimal --no-self-update --force-non-host^[[0m
native	Run dtolnay/rust-toolchain@master	2026-09-18T11:36:14.0511051Z shell: C:\Program Files\Git\bin\bash.EXE --noprofile --norc -e -o pipefail {0}
native	Run dtolnay/rust-toolchain@master	2026-09-18T11:36:14.0511390Z env:
native	Run dtolnay/rust-toolchain@master	2026-09-18T11:36:14.0511548Z   CARGO_HOME: C:\Users\runneradmin\.cargo
native	Run dtolnay/rust-toolchain@master	2026-09-18T11:36:14.0511793Z   RUSTUP_PERMIT_COPY_RENAME: 1
native	Run dtolnay/rust-toolchain@master	2026-09-18T11:36:14.0511970Z ##[endgroup]
native	Run dtolnay/rust-toolchain@master	2026-09-18T11:36:14.7591371Z info: syncing channel updates for 1.98.1-x86_64-pc-windows-msvc
native	Run dtolnay/rust-toolchain@master	2026-09-18T11:36:15.2874033Z info: latest update on 2026-09-03 for version 1.98.1 (48a229cea 2026-09-01)
native	Run dtolnay/rust-toolchain@master	2026-09-18T11:36:15.2985965Z info: downloading 5 components
native	Run dtolnay/rust-toolchain@master	2026-09-18T11:36:24.3001988Z 
native	Run dtolnay/rust-toolchain@master	2026-09-18T11:36:24.3273507Z   1.98.1-x86_64-pc-windows-msvc installed - rustc 1.98.1 (48a229cea 2026-09-01)
native	Run dtolnay/rust-toolchain@master	2026-09-18T11:36:24.3273964Z 
native	Run dtolnay/rust-toolchain@master	2026-09-18T11:36:24.3357190Z ##[end-action id=__dtolnay_rust-toolchain.__run_4;outcome=success;conclusion=success;duration_ms=10296]
native	Run dtolnay/rust-toolchain@master	2026-09-18T11:36:24.3362047Z ##[start-action display=rustup default 1.98.1;id=__dtolnay_rust-toolchain.__run_5]
native	Run dtolnay/rust-toolchain@master	2026-09-18T11:36:24.3469083Z ##[group]Run rustup default 1.98.1 --force-non-host
native	Run dtolnay/rust-toolchain@master	2026-09-18T11:36:24.3469398Z ^[[36;1mrustup default 1.98.1 --force-non-host^[[0m
native	Run dtolnay/rust-toolchain@master	2026-09-18T11:36:24.3479877Z shell: C:\Program Files\Git\bin\bash.EXE --noprofile --norc -e -o pipefail {0}
native	Run dtolnay/rust-toolchain@master	2026-09-18T11:36:24.3480206Z env:
native	Run dtolnay/rust-toolchain@master	2026-09-18T11:36:24.3480366Z   CARGO_HOME: C:\Users\runneradmin\.cargo
native	Run dtolnay/rust-toolchain@master	2026-09-18T11:36:24.3480570Z ##[endgroup]
native	Run dtolnay/rust-toolchain@master	2026-09-18T11:36:24.4331833Z info: using existing install for 1.98.1-x86_64-pc-windows-msvc
native	Run dtolnay/rust-toolchain@master	2026-09-18T11:36:24.4370111Z info: default toolchain set to 1.98.1-x86_64-pc-windows-msvc
native	Run dtolnay/rust-toolchain@master	2026-09-18T11:36:24.4370391Z 
native	Run dtolnay/rust-toolchain@master	2026-09-18T11:36:24.4548308Z   1.98.1-x86_64-pc-windows-msvc unchanged - rustc 1.98.1 (48a229cea 2026-09-01)
native	Run dtolnay/rust-toolchain@master	2026-09-18T11:36:24.4548659Z 
native	Run dtolnay/rust-toolchain@master	2026-09-18T11:36:24.4552459Z info: note that the toolchain '1.98.1-x86_64-pc-windows-msvc' is currently in use (overridden by 'D:\a\BareLine\BareLine\rust-toolchain.toml')
native	Run dtolnay/rust-toolchain@master	2026-09-18T11:36:24.4617442Z ##[end-action id=__dtolnay_rust-toolchain.__run_5;outcome=success;conclusion=success;duration_ms=125]
native	Run dtolnay/rust-toolchain@master	2026-09-18T11:36:24.4619594Z ##[start-action display=Create cachekey;id=__dtolnay_rust-toolchain.rustc-version]
native	Run dtolnay/rust-toolchain@master	2026-09-18T11:36:24.4727823Z ##[group]Run DATE=$(rustc +1.98.1 --version --verbose | sed -ne 's/^commit-date: \(20[0-9][0-9]\)-\([01][0-9]\)-\([0-3][0-9]\)$/\1\2\3/p')
native	Run dtolnay/rust-toolchain@master	2026-09-18T11:36:24.4729251Z ^[[36;1mDATE=$(rustc +1.98.1 --version --verbose | sed -ne 's/^commit-date: \(20[0-9][0-9]\)-\([01][0-9]\)-\([0-3][0-9]\)$/\1\2\3/p')^[[0m
native	Run dtolnay/rust-toolchain@master	2026-09-18T11:36:24.4729703Z ^[[36;1mHASH=$(rustc +1.98.1 --version --verbose | sed -ne 's/^commit-hash: //p')^[[0m
native	Run dtolnay/rust-toolchain@master	2026-09-18T11:36:24.4730077Z ^[[36;1mecho "cachekey=$(echo $DATE$HASH | head -c12)" >> $GITHUB_OUTPUT^[[0m
native	Run dtolnay/rust-toolchain@master	2026-09-18T11:36:24.4740425Z shell: C:\Program Files\Git\bin\bash.EXE --noprofile --norc -e -o pipefail {0}
native	Run dtolnay/rust-toolchain@master	2026-09-18T11:36:24.4740735Z env:
native	Run dtolnay/rust-toolchain@master	2026-09-18T11:36:24.4740895Z   CARGO_HOME: C:\Users\runneradmin\.cargo
native	Run dtolnay/rust-toolchain@master	2026-09-18T11:36:24.4741112Z ##[endgroup]
native	Run dtolnay/rust-toolchain@master	2026-09-18T11:36:25.2330377Z ##[end-action id=__dtolnay_rust-toolchain.rustc-version;outcome=success;conclusion=success;duration_ms=770]
native	Run dtolnay/rust-toolchain@master	2026-09-18T11:36:25.2333951Z ##[start-action display=Disable incremental compilation;id=__dtolnay_rust-toolchain.__run_6]
native	Run dtolnay/rust-toolchain@master	2026-09-18T11:36:25.2445491Z ##[group]Run if [ -z "${CARGO_INCREMENTAL+set}" ]; then
native	Run dtolnay/rust-toolchain@master	2026-09-18T11:36:25.2445822Z ^[[36;1mif [ -z "${CARGO_INCREMENTAL+set}" ]; then^[[0m
native	Run dtolnay/rust-toolchain@master	2026-09-18T11:36:25.2446083Z ^[[36;1m  echo CARGO_INCREMENTAL=0 >> $GITHUB_ENV^[[0m
native	Run dtolnay/rust-toolchain@master	2026-09-18T11:36:25.2446290Z ^[[36;1mfi^[[0m
native	Run dtolnay/rust-toolchain@master	2026-09-18T11:36:25.2457255Z shell: C:\Program Files\Git\bin\bash.EXE --noprofile --norc -e -o pipefail {0}
native	Run dtolnay/rust-toolchain@master	2026-09-18T11:36:25.2457575Z env:
native	Run dtolnay/rust-toolchain@master	2026-09-18T11:36:25.2457736Z   CARGO_HOME: C:\Users\runneradmin\.cargo
native	Run dtolnay/rust-toolchain@master	2026-09-18T11:36:25.2457933Z ##[endgroup]
native	Run dtolnay/rust-toolchain@master	2026-09-18T11:36:25.2802355Z ##[end-action id=__dtolnay_rust-toolchain.__run_6;outcome=success;conclusion=success;duration_ms=46]
native	Run dtolnay/rust-toolchain@master	2026-09-18T11:36:25.2804422Z ##[start-action display=Enable colors in Cargo output;id=__dtolnay_rust-toolchain.__run_7]
native	Run dtolnay/rust-toolchain@master	2026-09-18T11:36:25.2919728Z ##[group]Run if [ -z "${CARGO_TERM_COLOR+set}" ]; then
native	Run dtolnay/rust-toolchain@master	2026-09-18T11:36:25.2920073Z ^[[36;1mif [ -z "${CARGO_TERM_COLOR+set}" ]; then^[[0m
native	Run dtolnay/rust-toolchain@master	2026-09-18T11:36:25.2920321Z ^[[36;1m  echo CARGO_TERM_COLOR=always >> $GITHUB_ENV^[[0m
native	Run dtolnay/rust-toolchain@master	2026-09-18T11:36:25.2920545Z ^[[36;1mfi^[[0m
native	Run dtolnay/rust-toolchain@master	2026-09-18T11:36:25.2931623Z shell: C:\Program Files\Git\bin\bash.EXE --noprofile --norc -e -o pipefail {0}
native	Run dtolnay/rust-toolchain@master	2026-09-18T11:36:25.2931936Z env:
native	Run dtolnay/rust-toolchain@master	2026-09-18T11:36:25.2932093Z   CARGO_HOME: C:\Users\runneradmin\.cargo
native	Run dtolnay/rust-toolchain@master	2026-09-18T11:36:25.2932303Z   CARGO_INCREMENTAL: 0
native	Run dtolnay/rust-toolchain@master	2026-09-18T11:36:25.2932460Z ##[endgroup]
native	Run dtolnay/rust-toolchain@master	2026-09-18T11:36:25.3270671Z ##[end-action id=__dtolnay_rust-toolchain.__run_7;outcome=success;conclusion=success;duration_ms=46]
native	Run dtolnay/rust-toolchain@master	2026-09-18T11:36:25.3272891Z ##[start-action display=Enable Cargo sparse registry;id=__dtolnay_rust-toolchain.__run_8]
native	Run dtolnay/rust-toolchain@master	2026-09-18T11:36:25.3382322Z ##[group]Run # implemented in 1.66, stabilized in 1.68, made default in 1.70
native	Run dtolnay/rust-toolchain@master	2026-09-18T11:36:25.3383062Z ^[[36;1m# implemented in 1.66, stabilized in 1.68, made default in 1.70^[[0m
native	Run dtolnay/rust-toolchain@master	2026-09-18T11:36:25.3384141Z ^[[36;1mif [ -z "${CARGO_REGISTRIES_CRATES_IO_PROTOCOL+set}" -o -f "D:\a\_temp"/.implicit_cargo_registries_crates_io_protocol ]; then^[[0m
native	Run dtolnay/rust-toolchain@master	2026-09-18T11:36:25.3384970Z ^[[36;1m  if rustc +1.98.1 --version --verbose | grep -q '^release: 1\.6[89]\.'; then^[[0m
native	Run dtolnay/rust-toolchain@master	2026-09-18T11:36:25.3385445Z ^[[36;1m    touch "D:\a\_temp"/.implicit_cargo_registries_crates_io_protocol || true^[[0m
native	Run dtolnay/rust-toolchain@master	2026-09-18T11:36:25.3385832Z ^[[36;1m    echo CARGO_REGISTRIES_CRATES_IO_PROTOCOL=sparse >> $GITHUB_ENV^[[0m
native	Run dtolnay/rust-toolchain@master	2026-09-18T11:36:25.3386203Z ^[[36;1m  elif rustc +1.98.1 --version --verbose | grep -q '^release: 1\.6[67]\.'; then^[[0m
native	Run dtolnay/rust-toolchain@master	2026-09-18T11:36:25.3386589Z ^[[36;1m    touch "D:\a\_temp"/.implicit_cargo_registries_crates_io_protocol || true^[[0m
native	Run dtolnay/rust-toolchain@master	2026-09-18T11:36:25.3386936Z ^[[36;1m    echo CARGO_REGISTRIES_CRATES_IO_PROTOCOL=git >> $GITHUB_ENV^[[0m
native	Run dtolnay/rust-toolchain@master	2026-09-18T11:36:25.3387190Z ^[[36;1m  fi^[[0m
native	Run dtolnay/rust-toolchain@master	2026-09-18T11:36:25.3387329Z ^[[36;1mfi^[[0m
native	Run dtolnay/rust-toolchain@master	2026-09-18T11:36:25.3398317Z shell: C:\Program Files\Git\bin\bash.EXE --noprofile --norc -e -o pipefail {0}
native	Run dtolnay/rust-toolchain@master	2026-09-18T11:36:25.3398625Z env:
native	Run dtolnay/rust-toolchain@master	2026-09-18T11:36:25.3398783Z   CARGO_HOME: C:\Users\runneradmin\.cargo
native	Run dtolnay/rust-toolchain@master	2026-09-18T11:36:25.3398996Z   CARGO_INCREMENTAL: 0
native	Run dtolnay/rust-toolchain@master	2026-09-18T11:36:25.3399328Z   CARGO_TERM_COLOR: always
native	Run dtolnay/rust-toolchain@master	2026-09-18T11:36:25.3399498Z ##[endgroup]
native	Run dtolnay/rust-toolchain@master	2026-09-18T11:36:25.5014777Z ##[end-action id=__dtolnay_rust-toolchain.__run_8;outcome=success;conclusion=success;duration_ms=174]
native	Run dtolnay/rust-toolchain@master	2026-09-18T11:36:25.5017523Z ##[start-action display=Work around spurious network errors in curl 8.0;id=__dtolnay_rust-toolchain.__run_9]
native	Run dtolnay/rust-toolchain@master	2026-09-18T11:36:25.5148262Z ##[group]Run # https://rust-lang.zulipchat.com/#narrow/stream/246057-t-cargo/topic/timeout.20investigation
native	Run dtolnay/rust-toolchain@master	2026-09-18T11:36:25.5148841Z ^[[36;1m# https://rust-lang.zulipchat.com/#narrow/stream/246057-t-cargo/topic/timeout.20investigation^[[0m
native	Run dtolnay/rust-toolchain@master	2026-09-18T11:36:25.5149289Z ^[[36;1mif rustc +1.98.1 --version --verbose | grep -q '^release: 1\.7[01]\.'; then^[[0m
native	Run dtolnay/rust-toolchain@master	2026-09-18T11:36:25.5149625Z ^[[36;1m  echo CARGO_HTTP_MULTIPLEXING=false >> $GITHUB_ENV^[[0m
native	Run dtolnay/rust-toolchain@master	2026-09-18T11:36:25.5150027Z ^[[36;1mfi^[[0m
native	Run dtolnay/rust-toolchain@master	2026-09-18T11:36:25.5160104Z shell: C:\Program Files\Git\bin\bash.EXE --noprofile --norc -e -o pipefail {0}
native	Run dtolnay/rust-toolchain@master	2026-09-18T11:36:25.5160423Z env:
native	Run dtolnay/rust-toolchain@master	2026-09-18T11:36:25.5160584Z   CARGO_HOME: C:\Users\runneradmin\.cargo
native	Run dtolnay/rust-toolchain@master	2026-09-18T11:36:25.5160784Z   CARGO_INCREMENTAL: 0
native	Run dtolnay/rust-toolchain@master	2026-09-18T11:36:25.5160951Z   CARGO_TERM_COLOR: always
native	Run dtolnay/rust-toolchain@master	2026-09-18T11:36:25.5161118Z ##[endgroup]
native	Run dtolnay/rust-toolchain@master	2026-09-18T11:36:25.6139884Z ##[end-action id=__dtolnay_rust-toolchain.__run_9;outcome=success;conclusion=success;duration_ms=112]
native	Run dtolnay/rust-toolchain@master	2026-09-18T11:36:25.6143847Z ##[start-action display=rustc +1.98.1 --version --verbose;id=__dtolnay_rust-toolchain.__run_10]
native	Run dtolnay/rust-toolchain@master	2026-09-18T11:36:25.6253498Z ##[group]Run rustc +1.98.1 --version --verbose
native	Run dtolnay/rust-toolchain@master	2026-09-18T11:36:25.6253784Z ^[[36;1mrustc +1.98.1 --version --verbose^[[0m
native	Run dtolnay/rust-toolchain@master	2026-09-18T11:36:25.6264137Z shell: C:\Program Files\Git\bin\bash.EXE --noprofile --norc -e -o pipefail {0}
native	Run dtolnay/rust-toolchain@master	2026-09-18T11:36:25.6264445Z env:
native	Run dtolnay/rust-toolchain@master	2026-09-18T11:36:25.6264599Z   CARGO_HOME: C:\Users\runneradmin\.cargo
native	Run dtolnay/rust-toolchain@master	2026-09-18T11:36:25.6264821Z   CARGO_INCREMENTAL: 0
native	Run dtolnay/rust-toolchain@master	2026-09-18T11:36:25.6264988Z   CARGO_TERM_COLOR: always
native	Run dtolnay/rust-toolchain@master	2026-09-18T11:36:25.6265149Z ##[endgroup]
native	Run dtolnay/rust-toolchain@master	2026-09-18T11:36:25.7113255Z rustc 1.98.1 (48a229cea 2026-09-01)
native	Run dtolnay/rust-toolchain@master	2026-09-18T11:36:25.7113664Z binary: rustc
native	Run dtolnay/rust-toolchain@master	2026-09-18T11:36:25.7113921Z commit-hash: 48a229ceaefd4985c50990b14116b6d856af0985
native	Run dtolnay/rust-toolchain@master	2026-09-18T11:36:25.7114485Z commit-date: 2026-09-01
native	Run dtolnay/rust-toolchain@master	2026-09-18T11:36:25.7114723Z host: x86_64-pc-windows-msvc
native	Run dtolnay/rust-toolchain@master	2026-09-18T11:36:25.7114954Z release: 1.98.1
native	Run dtolnay/rust-toolchain@master	2026-09-18T11:36:25.7115388Z LLVM version: 22.1.8
native	Run dtolnay/rust-toolchain@master	2026-09-18T11:36:25.7228703Z ##[end-action id=__dtolnay_rust-toolchain.__run_10;outcome=success;conclusion=success;duration_ms=108]
native	Run actions/setup-python@v5	﻿2026-09-18T11:36:25.7414451Z Node 20 is being deprecated. This workflow is running with Node 24 by default. If you need to temporarily use Node 20, you can set the ACTIONS_ALLOW_USE_UNSECURE_NODE_VERSION=true environment variable. For more information see: https://github.blog/changelog/2025-09-19-deprecation-of-node-20-on-github-actions-runners/
native	Run actions/setup-python@v5	2026-09-18T11:36:25.7416005Z ##[group]Run actions/setup-python@v5
native	Run actions/setup-python@v5	2026-09-18T11:36:25.7416206Z with:
native	Run actions/setup-python@v5	2026-09-18T11:36:25.7416351Z   python-version: 3.12
native	Run actions/setup-python@v5	2026-09-18T11:36:25.7416518Z   check-latest: false
native	Run actions/setup-python@v5	2026-09-18T11:36:25.7418641Z   token: ***
native	Run actions/setup-python@v5	2026-09-18T11:36:25.7418829Z   update-environment: true
native	Run actions/setup-python@v5	2026-09-18T11:36:25.7419018Z   allow-prereleases: false
native	Run actions/setup-python@v5	2026-09-18T11:36:25.7419184Z   freethreaded: false
native	Run actions/setup-python@v5	2026-09-18T11:36:25.7419335Z env:
native	Run actions/setup-python@v5	2026-09-18T11:36:25.7419482Z   CARGO_HOME: C:\Users\runneradmin\.cargo
native	Run actions/setup-python@v5	2026-09-18T11:36:25.7419688Z   CARGO_INCREMENTAL: 0
native	Run actions/setup-python@v5	2026-09-18T11:36:25.7419843Z   CARGO_TERM_COLOR: always
native	Run actions/setup-python@v5	2026-09-18T11:36:25.7419996Z ##[endgroup]
native	Run actions/setup-python@v5	2026-09-18T11:36:25.8886118Z ##[group]Installed versions
native	Run actions/setup-python@v5	2026-09-18T11:36:26.2445518Z (node:2108) [DEP0040] DeprecationWarning: The `punycode` module is deprecated. Please use a userland alternative instead.
native	Run actions/setup-python@v5	2026-09-18T11:36:26.2446495Z (Use `node --trace-deprecation ...` to show where the warning was created)
native	Run actions/setup-python@v5	2026-09-18T11:36:26.2447021Z Successfully set up CPython (3.12.10)
native	Run actions/setup-python@v5	2026-09-18T11:36:26.2448267Z ##[endgroup]
native	Run python .github/workflows/check_portability.py	﻿2026-09-18T11:36:26.2703634Z ##[group]Run python .github/workflows/check_portability.py
native	Run python .github/workflows/check_portability.py	2026-09-18T11:36:26.2704269Z ^[[36;1mpython .github/workflows/check_portability.py^[[0m
native	Run python .github/workflows/check_portability.py	2026-09-18T11:36:26.3395512Z shell: C:\Program Files\PowerShell\7\pwsh.EXE -command ". '{0}'"
native	Run python .github/workflows/check_portability.py	2026-09-18T11:36:26.3395818Z env:
native	Run python .github/workflows/check_portability.py	2026-09-18T11:36:26.3395987Z   CARGO_HOME: C:\Users\runneradmin\.cargo
native	Run python .github/workflows/check_portability.py	2026-09-18T11:36:26.3396203Z   CARGO_INCREMENTAL: 0
native	Run python .github/workflows/check_portability.py	2026-09-18T11:36:26.3396372Z   CARGO_TERM_COLOR: always
native	Run python .github/workflows/check_portability.py	2026-09-18T11:36:26.3396608Z   pythonLocation: C:\hostedtoolcache\windows\Python\3.12.10\x64
native	Run python .github/workflows/check_portability.py	2026-09-18T11:36:26.3396986Z   PKG_CONFIG_PATH: C:\hostedtoolcache\windows\Python\3.12.10\x64/lib/pkgconfig
native	Run python .github/workflows/check_portability.py	2026-09-18T11:36:26.3397334Z   Python_ROOT_DIR: C:\hostedtoolcache\windows\Python\3.12.10\x64
native	Run python .github/workflows/check_portability.py	2026-09-18T11:36:26.3397659Z   Python2_ROOT_DIR: C:\hostedtoolcache\windows\Python\3.12.10\x64
native	Run python .github/workflows/check_portability.py	2026-09-18T11:36:26.3398185Z   Python3_ROOT_DIR: C:\hostedtoolcache\windows\Python\3.12.10\x64
native	Run python .github/workflows/check_portability.py	2026-09-18T11:36:26.3398424Z ##[endgroup]
native	Run python .github/workflows/check_portability.py	2026-09-18T11:36:28.5336085Z Neutral architecture guard passed (including negative fixtures).
native	Run cargo metadata --locked --format-version 1 > cargo-metadata.json	﻿2026-09-18T11:36:28.6850721Z ##[group]Run cargo metadata --locked --format-version 1 > cargo-metadata.json
native	Run cargo metadata --locked --format-version 1 > cargo-metadata.json	2026-09-18T11:36:28.6851296Z ^[[36;1mcargo metadata --locked --format-version 1 > cargo-metadata.json^[[0m
native	Run cargo metadata --locked --format-version 1 > cargo-metadata.json	2026-09-18T11:36:28.6913699Z shell: C:\Program Files\PowerShell\7\pwsh.EXE -command ". '{0}'"
native	Run cargo metadata --locked --format-version 1 > cargo-metadata.json	2026-09-18T11:36:28.6913996Z env:
native	Run cargo metadata --locked --format-version 1 > cargo-metadata.json	2026-09-18T11:36:28.6914164Z   CARGO_HOME: C:\Users\runneradmin\.cargo
native	Run cargo metadata --locked --format-version 1 > cargo-metadata.json	2026-09-18T11:36:28.6914379Z   CARGO_INCREMENTAL: 0
native	Run cargo metadata --locked --format-version 1 > cargo-metadata.json	2026-09-18T11:36:28.6914546Z   CARGO_TERM_COLOR: always
native	Run cargo metadata --locked --format-version 1 > cargo-metadata.json	2026-09-18T11:36:28.6914786Z   pythonLocation: C:\hostedtoolcache\windows\Python\3.12.10\x64
native	Run cargo metadata --locked --format-version 1 > cargo-metadata.json	2026-09-18T11:36:28.6915152Z   PKG_CONFIG_PATH: C:\hostedtoolcache\windows\Python\3.12.10\x64/lib/pkgconfig
native	Run cargo metadata --locked --format-version 1 > cargo-metadata.json	2026-09-18T11:36:28.6915498Z   Python_ROOT_DIR: C:\hostedtoolcache\windows\Python\3.12.10\x64
native	Run cargo metadata --locked --format-version 1 > cargo-metadata.json	2026-09-18T11:36:28.6915826Z   Python2_ROOT_DIR: C:\hostedtoolcache\windows\Python\3.12.10\x64
native	Run cargo metadata --locked --format-version 1 > cargo-metadata.json	2026-09-18T11:36:28.6916127Z   Python3_ROOT_DIR: C:\hostedtoolcache\windows\Python\3.12.10\x64
native	Run cargo metadata --locked --format-version 1 > cargo-metadata.json	2026-09-18T11:36:28.6916364Z ##[endgroup]
native	Run cargo metadata --locked --format-version 1 > cargo-metadata.json	2026-09-18T11:36:29.9472732Z ^[[1m^[[92m    Updating^[[0m crates.io index
native	Run cargo metadata --locked --format-version 1 > cargo-metadata.json	2026-09-18T11:36:31.9321149Z ^[[1m^[[92m Downloading^[[0m crates ...
native	Run cargo metadata --locked --format-version 1 > cargo-metadata.json	2026-09-18T11:36:32.1387217Z ^[[1m^[[92m  Downloaded^[[0m yoke-derive v0.8.2
native	Run cargo metadata --locked --format-version 1 > cargo-metadata.json	2026-09-18T11:36:32.2202432Z ^[[1m^[[92m  Downloaded^[[0m xkbcommon-dl v0.4.2
native	Run cargo metadata --locked --format-version 1 > cargo-metadata.json	2026-09-18T11:36:32.2298780Z ^[[1m^[[92m  Downloaded^[[0m yoke v0.8.3
native	Run cargo metadata --locked --format-version 1 > cargo-metadata.json	2026-09-18T11:36:32.2485842Z ^[[1m^[[92m  Downloaded^[[0m ab_glyph_rasterizer v0.1.10
native	Run cargo metadata --locked --format-version 1 > cargo-metadata.json	2026-09-18T11:36:32.2861440Z ^[[1m^[[92m  Downloaded^[[0m ndk-context v0.1.1
native	Run cargo metadata --locked --format-version 1 > cargo-metadata.json	2026-09-18T11:36:32.2910657Z ^[[1m^[[92m  Downloaded^[[0m objc2-core-location v0.2.2
native	Run cargo metadata --locked --format-version 1 > cargo-metadata.json	2026-09-18T11:36:32.3749609Z ^[[1m^[[92m  Downloaded^[[0m accesskit_consumer v0.39.0
native	Run cargo metadata --locked --format-version 1 > cargo-metadata.json	2026-09-18T11:36:32.3983048Z ^[[1m^[[92m  Downloaded^[[0m zerofrom v0.1.8
native	Run cargo metadata --locked --format-version 1 > cargo-metadata.json	2026-09-18T11:36:32.4144096Z ^[[1m^[[92m  Downloaded^[[0m objc2-uniform-type-identifiers v0.2.2
native	Run cargo metadata --locked --format-version 1 > cargo-metadata.json	2026-09-18T11:36:32.4273443Z ^[[1m^[[92m  Downloaded^[[0m objc2-user-notifications v0.2.2
native	Run cargo metadata --locked --format-version 1 > cargo-metadata.json	2026-09-18T11:36:32.4403571Z ^[[1m^[[92m  Downloaded^[[0m owned_ttf_parser v0.25.1
native	Run cargo metadata --locked --format-version 1 > cargo-metadata.json	2026-09-18T11:36:32.4468867Z ^[[1m^[[92m  Downloaded^[[0m percent-encoding v2.3.2
native	Run cargo metadata --locked --format-version 1 > cargo-metadata.json	2026-09-18T11:36:32.4526277Z ^[[1m^[[92m  Downloaded^[[0m ab_glyph v0.2.32
native	Run cargo metadata --locked --format-version 1 > cargo-metadata.json	2026-09-18T11:36:32.4678023Z ^[[1m^[[92m  Downloaded^[[0m accesskit v0.25.0
native	Run cargo metadata --locked --format-version 1 > cargo-metadata.json	2026-09-18T11:36:32.4738634Z ^[[1m^[[92m  Downloaded^[[0m num_enum v0.7.6
native	Run cargo metadata --locked --format-version 1 > cargo-metadata.json	2026-09-18T11:36:32.7173096Z ^[[1m^[[92m  Downloaded^[[0m num_enum_derive v0.7.6
native	Run cargo metadata --locked --format-version 1 > cargo-metadata.json	2026-09-18T11:36:32.7267970Z ^[[1m^[[92m  Downloaded^[[0m objc-sys v0.3.5
native	Run cargo metadata --locked --format-version 1 > cargo-metadata.json	2026-09-18T11:36:32.7448001Z ^[[1m^[[92m  Downloaded^[[0m objc2-cloud-kit v0.2.2
native	Run cargo metadata --locked --format-version 1 > cargo-metadata.json	2026-09-18T11:36:32.7918089Z ^[[1m^[[92m  Downloaded^[[0m objc2-contacts v0.2.2
native	Run cargo metadata --locked --format-version 1 > cargo-metadata.json	2026-09-18T11:36:32.8160702Z ^[[1m^[[92m  Downloaded^[[0m objc2-core-data v0.2.2
native	Run cargo metadata --locked --format-version 1 > cargo-metadata.json	2026-09-18T11:36:32.9402615Z ^[[1m^[[92m  Downloaded^[[0m objc2-core-image v0.2.2
native	Run cargo metadata --locked --format-version 1 > cargo-metadata.json	2026-09-18T11:36:33.0131603Z ^[[1m^[[92m  Downloaded^[[0m objc2-encode v4.1.0
native	Run cargo metadata --locked --format-version 1 > cargo-metadata.json	2026-09-18T11:36:33.3550173Z ^[[1m^[[92m  Downloaded^[[0m once_cell v1.21.4
native	Run cargo metadata --locked --format-version 1 > cargo-metadata.json	2026-09-18T11:36:33.3738419Z ^[[1m^[[92m  Downloaded^[[0m pin-project-internal v1.1.13
native	Run cargo metadata --locked --format-version 1 > cargo-metadata.json	2026-09-18T11:36:33.3875396Z ^[[1m^[[92m  Downloaded^[[0m pin-project-lite v0.2.17
native	Run cargo metadata --locked --format-version 1 > cargo-metadata.json	2026-09-18T11:36:33.5124017Z ^[[1m^[[92m  Downloaded^[[0m pkcs8 v0.10.2
native	Run cargo metadata --locked --format-version 1 > cargo-metadata.json	2026-09-18T11:36:33.5378942Z ^[[1m^[[92m  Downloaded^[[0m pin-project v1.1.13
native	Run cargo metadata --locked --format-version 1 > cargo-metadata.json	2026-09-18T11:36:33.7351387Z ^[[1m^[[92m  Downloaded^[[0m pkg-config v0.3.34
native	Run cargo metadata --locked --format-version 1 > cargo-metadata.json	2026-09-18T11:36:33.7468764Z ^[[1m^[[92m  Downloaded^[[0m plain v0.2.3
native	Run cargo metadata --locked --format-version 1 > cargo-metadata.json	2026-09-18T11:36:33.7546786Z ^[[1m^[[92m  Downloaded^[[0m tokio v1.53.1
native	Run cargo metadata --locked --format-version 1 > cargo-metadata.json	2026-09-18T11:36:35.5594750Z ^[[1m^[[92m  Downloaded^[[0m xkeysym v0.2.1
native	Run cargo metadata --locked --format-version 1 > cargo-metadata.json	2026-09-18T11:36:35.5958574Z ^[[1m^[[92m  Downloaded^[[0m zerocopy v0.8.56
native	Run cargo metadata --locked --format-version 1 > cargo-metadata.json	2026-09-18T11:36:36.6467600Z ^[[1m^[[92m  Downloaded^[[0m zerocopy-derive v0.8.56
native	Run cargo metadata --locked --format-version 1 > cargo-metadata.json	2026-09-18T11:36:37.0248669Z ^[[1m^[[92m  Downloaded^[[0m potential_utf v0.1.6
native	Run cargo metadata --locked --format-version 1 > cargo-metadata.json	2026-09-18T11:36:37.0727967Z ^[[1m^[[92m  Downloaded^[[0m zeroize v1.9.0
native	Run cargo metadata --locked --format-version 1 > cargo-metadata.json	2026-09-18T11:36:37.4551685Z ^[[1m^[[92m  Downloaded^[[0m as-raw-xcb-connection v1.0.1
native	Run cargo metadata --locked --format-version 1 > cargo-metadata.json	2026-09-18T11:36:37.6328486Z ^[[1m^[[92m  Downloaded^[[0m arrayref v0.3.9
native	Run cargo metadata --locked --format-version 1 > cargo-metadata.json	2026-09-18T11:36:37.8084151Z ^[[1m^[[92m  Downloaded^[[0m adler2 v2.0.1
native	Run cargo metadata --locked --format-version 1 > cargo-metadata.json	2026-09-18T11:36:37.9299704Z ^[[1m^[[92m  Downloaded^[[0m allocator-api2 v0.2.21
native	Run cargo metadata --locked --format-version 1 > cargo-metadata.json	2026-09-18T11:36:38.0143483Z ^[[1m^[[92m  Downloaded^[[0m block-buffer v0.10.4
native	Run cargo metadata --locked --format-version 1 > cargo-metadata.json	2026-09-18T11:36:38.0648872Z ^[[1m^[[92m  Downloaded^[[0m core-foundation v0.9.4
native	Run cargo metadata --locked --format-version 1 > cargo-metadata.json	2026-09-18T11:36:38.1933085Z ^[[1m^[[92m  Downloaded^[[0m atomic-waker v1.1.2
native	Run cargo metadata --locked --format-version 1 > cargo-metadata.json	2026-09-18T11:36:38.2129794Z ^[[1m^[[92m  Downloaded^[[0m concurrent-queue v2.5.0
native	Run cargo metadata --locked --format-version 1 > cargo-metadata.json	2026-09-18T11:36:38.2246372Z ^[[1m^[[92m  Downloaded^[[0m anyhow v1.0.104
native	Run cargo metadata --locked --format-version 1 > cargo-metadata.json	2026-09-18T11:36:38.2689155Z ^[[1m^[[92m  Downloaded^[[0m bitflags v1.3.2
native	Run cargo metadata --locked --format-version 1 > cargo-metadata.json	2026-09-18T11:36:38.2990457Z ^[[1m^[[92m  Downloaded^[[0m const-oid v0.9.6
native	Run cargo metadata --locked --format-version 1 > cargo-metadata.json	2026-09-18T11:36:38.3109071Z ^[[1m^[[92m  Downloaded^[[0m cc v1.4.5
native	Run cargo metadata --locked --format-version 1 > cargo-metadata.json	2026-09-18T11:36:38.3353692Z ^[[1m^[[92m  Downloaded^[[0m combine v4.6.8
native	Run cargo metadata --locked --format-version 1 > cargo-metadata.json	2026-09-18T11:36:38.3624989Z ^[[1m^[[92m  Downloaded^[[0m serde_spanned v0.6.9
native	Run cargo metadata --locked --format-version 1 > cargo-metadata.json	2026-09-18T11:36:38.3694849Z ^[[1m^[[92m  Downloaded^[[0m sha1 v0.10.6
native	Run cargo metadata --locked --format-version 1 > cargo-metadata.json	2026-09-18T11:36:38.4009679Z ^[[1m^[[92m  Downloaded^[[0m android-properties v0.2.2
native	Run cargo metadata --locked --format-version 1 > cargo-metadata.json	2026-09-18T11:36:38.4171724Z ^[[1m^[[92m  Downloaded^[[0m arrayvec v0.7.8
native	Run cargo metadata --locked --format-version 1 > cargo-metadata.json	2026-09-18T11:36:38.4435197Z ^[[1m^[[92m  Downloaded^[[0m async-trait v0.1.92
native	Run cargo metadata --locked --format-version 1 > cargo-metadata.json	2026-09-18T11:36:38.4757355Z ^[[1m^[[92m  Downloaded^[[0m cap-fs-ext v4.0.3
native	Run cargo metadata --locked --format-version 1 > cargo-metadata.json	2026-09-18T11:36:38.4911118Z ^[[1m^[[92m  Downloaded^[[0m dlib v0.5.3
native	Run cargo metadata --locked --format-version 1 > cargo-metadata.json	2026-09-18T11:36:38.4975854Z ^[[1m^[[92m  Downloaded^[[0m objc2-symbols v0.2.2
native	Run cargo metadata --locked --format-version 1 > cargo-metadata.json	2026-09-18T11:36:38.5038139Z ^[[1m^[[92m  Downloaded^[[0m proc-macro-crate v3.5.0
native	Run cargo metadata --locked --format-version 1 > cargo-metadata.json	2026-09-18T11:36:38.5161651Z ^[[1m^[[92m  Downloaded^[[0m scoped-tls v1.0.1
native	Run cargo metadata --locked --format-version 1 > cargo-metadata.json	2026-09-18T11:36:38.5241308Z ^[[1m^[[92m  Downloaded^[[0m zerofrom-derive v0.1.7
native	Run cargo metadata --locked --format-version 1 > cargo-metadata.json	2026-09-18T11:36:38.5306660Z ^[[1m^[[92m  Downloaded^[[0m atomic-polyfill v1.0.3
native	Run cargo metadata --locked --format-version 1 > cargo-metadata.json	2026-09-18T11:36:38.5412484Z ^[[1m^[[92m  Downloaded^[[0m cfg-if v1.0.4
native	Run cargo metadata --locked --format-version 1 > cargo-metadata.json	2026-09-18T11:36:38.5532231Z ^[[1m^[[92m  Downloaded^[[0m cobs v0.3.0
native	Run cargo metadata --locked --format-version 1 > cargo-metadata.json	2026-09-18T11:36:39.0686360Z ^[[1m^[[92m  Downloaded^[[0m proc-macro2 v1.0.107
native	Run cargo metadata --locked --format-version 1 > cargo-metadata.json	2026-09-18T11:36:39.0936017Z ^[[1m^[[92m  Downloaded^[[0m raw-window-handle v0.6.2
native	Run cargo metadata --locked --format-version 1 > cargo-metadata.json	2026-09-18T11:36:39.1062942Z ^[[1m^[[92m  Downloaded^[[0m rustc-hash v2.1.3
native	Run cargo metadata --locked --format-version 1 > cargo-metadata.json	2026-09-18T11:36:39.1196915Z ^[[1m^[[92m  Downloaded^[[0m scopeguard v1.2.0
native	Run cargo metadata --locked --format-version 1 > cargo-metadata.json	2026-09-18T11:36:39.1282429Z ^[[1m^[[92m  Downloaded^[[0m ambient-authority v0.0.2
native	Run cargo metadata --locked --format-version 1 > cargo-metadata.json	2026-09-18T11:36:39.1381188Z ^[[1m^[[92m  Downloaded^[[0m calloop-wayland-source v0.3.0
native	Run cargo metadata --locked --format-version 1 > cargo-metadata.json	2026-09-18T11:36:39.1470763Z ^[[1m^[[92m  Downloaded^[[0m equivalent v1.0.2
native	Run cargo metadata --locked --format-version 1 > cargo-metadata.json	2026-09-18T11:36:39.1583103Z ^[[1m^[[92m  Downloaded^[[0m crypto-common v0.1.7
native	Run cargo metadata --locked --format-version 1 > cargo-metadata.json	2026-09-18T11:36:39.1646804Z ^[[1m^[[92m  Downloaded^[[0m rustc_version v0.4.1
native	Run cargo metadata --locked --format-version 1 > cargo-metadata.json	2026-09-18T11:36:39.1735015Z ^[[1m^[[92m  Downloaded^[[0m same-file v1.0.6
native	Run cargo metadata --locked --format-version 1 > cargo-metadata.json	2026-09-18T11:36:39.1827942Z ^[[1m^[[92m  Downloaded^[[0m signature v2.2.0
native	Run cargo metadata --locked --format-version 1 > cargo-metadata.json	2026-09-18T11:36:39.1967501Z ^[[1m^[[92m  Downloaded^[[0m windows-threading v0.2.1
native	Run cargo metadata --locked --format-version 1 > cargo-metadata.json	2026-09-18T11:36:39.2035500Z ^[[1m^[[92m  Downloaded^[[0m objc2 v0.5.2
native	Run cargo metadata --locked --format-version 1 > cargo-metadata.json	2026-09-18T11:36:39.2661934Z ^[[1m^[[92m  Downloaded^[[0m objc2-link-presentation v0.2.2
native	Run cargo metadata --locked --format-version 1 > cargo-metadata.json	2026-09-18T11:36:39.2740937Z ^[[1m^[[92m  Downloaded^[[0m pulley-macros v48.0.1
native	Run cargo metadata --locked --format-version 1 > cargo-metadata.json	2026-09-18T11:36:39.2833711Z ^[[1m^[[92m  Downloaded^[[0m semver v1.0.28
native	Run cargo metadata --locked --format-version 1 > cargo-metadata.json	2026-09-18T11:36:39.3076176Z ^[[1m^[[92m  Downloaded^[[0m simd-adler32 v0.3.10
native	Run cargo metadata --locked --format-version 1 > cargo-metadata.json	2026-09-18T11:36:39.3215798Z ^[[1m^[[92m  Downloaded^[[0m smol_str v0.2.2
native	Run cargo metadata --locked --format-version 1 > cargo-metadata.json	2026-09-18T11:36:39.3303974Z ^[[1m^[[92m  Downloaded^[[0m stable_deref_trait v1.2.1
native	Run cargo metadata --locked --format-version 1 > cargo-metadata.json	2026-09-18T11:36:39.3397054Z ^[[1m^[[92m  Downloaded^[[0m strict-num v0.1.1
native	Run cargo metadata --locked --format-version 1 > cargo-metadata.json	2026-09-18T11:36:39.3462898Z ^[[1m^[[92m  Downloaded^[[0m subtle v2.6.1
native	Run cargo metadata --locked --format-version 1 > cargo-metadata.json	2026-09-18T11:36:39.3537861Z ^[[1m^[[92m  Downloaded^[[0m synstructure v0.13.2
native	Run cargo metadata --locked --format-version 1 > cargo-metadata.json	2026-09-18T11:36:39.3601336Z ^[[1m^[[92m  Downloaded^[[0m windows-collections v0.3.2
native	Run cargo metadata --locked --format-version 1 > cargo-metadata.json	2026-09-18T11:36:39.3681527Z ^[[1m^[[92m  Downloaded^[[0m windows-targets v0.52.6
native	Run cargo metadata --locked --format-version 1 > cargo-metadata.json	2026-09-18T11:36:39.3791399Z ^[[1m^[[92m  Downloaded^[[0m embedded-io v0.6.1
native	Run cargo metadata --locked --format-version 1 > cargo-metadata.json	2026-09-18T11:36:39.4112463Z ^[[1m^[[92m  Downloaded^[[0m gethostname v1.1.0
native	Run cargo metadata --locked --format-version 1 > cargo-metadata.json	2026-09-18T11:36:39.4192485Z ^[[1m^[[92m  Downloaded^[[0m jni-sys v0.4.1
native	Run cargo metadata --locked --format-version 1 > cargo-metadata.json	2026-09-18T11:36:39.4299779Z ^[[1m^[[92m  Downloaded^[[0m objc2-quartz-core v0.2.2
native	Run cargo metadata --locked --format-version 1 > cargo-metadata.json	2026-09-18T11:36:39.4518583Z ^[[1m^[[92m  Downloaded^[[0m postcard v1.1.3
native	Run cargo metadata --locked --format-version 1 > cargo-metadata.json	2026-09-18T11:36:39.4691687Z ^[[1m^[[92m  Downloaded^[[0m quote v1.0.47
native	Run cargo metadata --locked --format-version 1 > cargo-metadata.json	2026-09-18T11:36:39.4885764Z ^[[1m^[[92m  Downloaded^[[0m rand_core v0.6.4
native	Run cargo metadata --locked --format-version 1 > cargo-metadata.json	2026-09-18T11:36:39.4998539Z ^[[1m^[[92m  Downloaded^[[0m rand_core v0.10.1
native	Run cargo metadata --locked --format-version 1 > cargo-metadata.json	2026-09-18T11:36:39.5141560Z ^[[1m^[[92m  Downloaded^[[0m redox_syscall v0.4.1
native	Run cargo metadata --locked --format-version 1 > cargo-metadata.json	2026-09-18T11:36:39.5351773Z ^[[1m^[[92m  Downloaded^[[0m redox_syscall v0.9.4
native	Run cargo metadata --locked --format-version 1 > cargo-metadata.json	2026-09-18T11:36:39.5487324Z ^[[1m^[[92m  Downloaded^[[0m rustc-demangle v0.1.28
native	Run cargo metadata --locked --format-version 1 > cargo-metadata.json	2026-09-18T11:36:39.5639694Z ^[[1m^[[92m  Downloaded^[[0m rustix-linux-procfs v0.1.1
native	Run cargo metadata --locked --format-version 1 > cargo-metadata.json	2026-09-18T11:36:39.5772405Z ^[[1m^[[92m  Downloaded^[[0m rustversion v1.0.23
native	Run cargo metadata --locked --format-version 1 > cargo-metadata.json	2026-09-18T11:36:39.6020462Z ^[[1m^[[92m  Downloaded^[[0m sha2 v0.10.9
native	Run cargo metadata --locked --format-version 1 > cargo-metadata.json	2026-09-18T11:36:39.6312381Z ^[[1m^[[92m  Downloaded^[[0m shlex v2.0.1
native	Run cargo metadata --locked --format-version 1 > cargo-metadata.json	2026-09-18T11:36:39.6524408Z ^[[1m^[[92m  Downloaded^[[0m simdutf8 v0.1.5
native	Run cargo metadata --locked --format-version 1 > cargo-metadata.json	2026-09-18T11:36:39.6733247Z ^[[1m^[[92m  Downloaded^[[0m slab v0.4.12
native	Run cargo metadata --locked --format-version 1 > cargo-metadata.json	2026-09-18T11:36:39.6817449Z ^[[1m^[[92m  Downloaded^[[0m spki v0.7.3
native	Run cargo metadata --locked --format-version 1 > cargo-metadata.json	2026-09-18T11:36:39.6985924Z ^[[1m^[[92m  Downloaded^[[0m static_assertions v1.1.0
native	Run cargo metadata --locked --format-version 1 > cargo-metadata.json	2026-09-18T11:36:39.7089410Z ^[[1m^[[92m  Downloaded^[[0m target-lexicon v0.13.5
native	Run cargo metadata --locked --format-version 1 > cargo-metadata.json	2026-09-18T11:36:39.7191847Z ^[[1m^[[92m  Downloaded^[[0m thiserror v1.0.69
native	Run cargo metadata --locked --format-version 1 > cargo-metadata.json	2026-09-18T11:36:39.7830260Z ^[[1m^[[92m  Downloaded^[[0m thiserror v2.0.20
native	Run cargo metadata --locked --format-version 1 > cargo-metadata.json	2026-09-18T11:36:39.8536809Z ^[[1m^[[92m  Downloaded^[[0m thiserror-impl v1.0.69
native	Run cargo metadata --locked --format-version 1 > cargo-metadata.json	2026-09-18T11:36:39.8636477Z ^[[1m^[[92m  Downloaded^[[0m thiserror-impl v2.0.20
native	Run cargo metadata --locked --format-version 1 > cargo-metadata.json	2026-09-18T11:36:39.8777563Z ^[[1m^[[92m  Downloaded^[[0m tiny-skia-path v0.11.4
native	Run cargo metadata --locked --format-version 1 > cargo-metadata.json	2026-09-18T11:36:39.9028306Z ^[[1m^[[92m  Downloaded^[[0m tinystr v0.8.4
native	Run cargo metadata --locked --format-version 1 > cargo-metadata.json	2026-09-18T11:36:40.3917642Z ^[[1m^[[92m  Downloaded^[[0m wasmtime-wasi-io v48.0.1
native	Run cargo metadata --locked --format-version 1 > cargo-metadata.json	2026-09-18T11:36:40.4042893Z ^[[1m^[[92m  Downloaded^[[0m wayland-protocols-wlr v0.3.12
native	Run cargo metadata --locked --format-version 1 > cargo-metadata.json	2026-09-18T11:36:40.4181734Z ^[[1m^[[92m  Downloaded^[[0m cfg_aliases v0.2.2
native	Run cargo metadata --locked --format-version 1 > cargo-metadata.json	2026-09-18T11:36:40.4241308Z ^[[1m^[[92m  Downloaded^[[0m core-graphics-types v0.1.3
native	Run cargo metadata --locked --format-version 1 > cargo-metadata.json	2026-09-18T11:36:40.4291008Z ^[[1m^[[92m  Downloaded^[[0m cpufeatures v0.2.17
native	Run cargo metadata --locked --format-version 1 > cargo-metadata.json	2026-09-18T11:36:40.4380135Z ^[[1m^[[92m  Downloaded^[[0m cpufeatures v0.3.1
native	Run cargo metadata --locked --format-version 1 > cargo-metadata.json	2026-09-18T11:36:40.4458533Z ^[[1m^[[92m  Downloaded^[[0m cranelift-codegen-shared v0.135.1
native	Run cargo metadata --locked --format-version 1 > cargo-metadata.json	2026-09-18T11:36:40.4509043Z ^[[1m^[[92m  Downloaded^[[0m cranelift-control v0.135.1
native	Run cargo metadata --locked --format-version 1 > cargo-metadata.json	2026-09-18T11:36:40.4563506Z ^[[1m^[[92m  Downloaded^[[0m cranelift-srcgen v0.135.1
native	Run cargo metadata --locked --format-version 1 > cargo-metadata.json	2026-09-18T11:36:40.4607072Z ^[[1m^[[92m  Downloaded^[[0m cursor-icon v1.2.0
native	Run cargo metadata --locked --format-version 1 > cargo-metadata.json	2026-09-18T11:36:40.4681342Z ^[[1m^[[92m  Downloaded^[[0m curve25519-dalek-derive v0.1.1
native	Run cargo metadata --locked --format-version 1 > cargo-metadata.json	2026-09-18T11:36:40.4739317Z ^[[1m^[[92m  Downloaded^[[0m derive_arbitrary v1.4.2
native	Run cargo metadata --locked --format-version 1 > cargo-metadata.json	2026-09-18T11:36:40.4808868Z ^[[1m^[[92m  Downloaded^[[0m dispatch v0.2.0
native	Run cargo metadata --locked --format-version 1 > cargo-metadata.json	2026-09-18T11:36:40.4876485Z ^[[1m^[[92m  Downloaded^[[0m downcast-rs v1.2.1
native	Run cargo metadata --locked --format-version 1 > cargo-metadata.json	2026-09-18T11:36:40.4961844Z ^[[1m^[[92m  Downloaded^[[0m dpi v0.1.2
native	Run cargo metadata --locked --format-version 1 > cargo-metadata.json	2026-09-18T11:36:40.5020037Z ^[[1m^[[92m  Downloaded^[[0m embedded-io v0.4.0
native	Run cargo metadata --locked --format-version 1 > cargo-metadata.json	2026-09-18T11:36:40.5136403Z ^[[1m^[[92m  Downloaded^[[0m generic-array v0.14.7
native	Run cargo metadata --locked --format-version 1 > cargo-metadata.json	2026-09-18T11:36:40.5224317Z ^[[1m^[[92m  Downloaded^[[0m memfd v0.6.6
native	Run cargo metadata --locked --format-version 1 > cargo-metadata.json	2026-09-18T11:36:40.5322148Z ^[[1m^[[92m  Downloaded^[[0m r-efi v5.3.0
native	Run cargo metadata --locked --format-version 1 > cargo-metadata.json	2026-09-18T11:36:40.5652222Z ^[[1m^[[92m  Downloaded^[[0m r-efi v6.0.0
native	Run cargo metadata --locked --format-version 1 > cargo-metadata.json	2026-09-18T11:36:40.5979699Z ^[[1m^[[92m  Downloaded^[[0m sctk-adwaita v0.10.1
native	Run cargo metadata --locked --format-version 1 > cargo-metadata.json	2026-09-18T11:36:40.6124552Z ^[[1m^[[92m  Downloaded^[[0m serde_derive v1.0.229
native	Run cargo metadata --locked --format-version 1 > cargo-metadata.json	2026-09-18T11:36:40.6324020Z ^[[1m^[[92m  Downloaded^[[0m smallvec v1.16.0
native	Run cargo metadata --locked --format-version 1 > cargo-metadata.json	2026-09-18T11:36:40.6387649Z ^[[1m^[[92m  Downloaded^[[0m spin v0.9.9
native	Run cargo metadata --locked --format-version 1 > cargo-metadata.json	2026-09-18T11:36:40.6528121Z ^[[1m^[[92m  Downloaded^[[0m termcolor v1.4.1
native	Run cargo metadata --locked --format-version 1 > cargo-metadata.json	2026-09-18T11:36:40.7933332Z ^[[1m^[[92m  Downloaded^[[0m utf8_iter v1.0.4
native	Run cargo metadata --locked --format-version 1 > cargo-metadata.json	2026-09-18T11:36:40.7999798Z ^[[1m^[[92m  Downloaded^[[0m wasm-bindgen-futures v0.4.78
native	Run cargo metadata --locked --format-version 1 > cargo-metadata.json	2026-09-18T11:36:40.8053146Z ^[[1m^[[92m  Downloaded^[[0m wasm-bindgen-macro v0.2.128
native	Run cargo metadata --locked --format-version 1 > cargo-metadata.json	2026-09-18T11:36:40.8107874Z ^[[1m^[[92m  Downloaded^[[0m wasmtime-internal-versioned-export-macros v48.0.1
native	Run cargo metadata --locked --format-version 1 > cargo-metadata.json	2026-09-18T11:36:40.8149167Z ^[[1m^[[92m  Downloaded^[[0m wat v1.258.0
native	Run cargo metadata --locked --format-version 1 > cargo-metadata.json	2026-09-18T11:36:40.8207664Z ^[[1m^[[92m  Downloaded^[[0m wayland-sys v0.31.11
native	Run cargo metadata --locked --format-version 1 > cargo-metadata.json	2026-09-18T11:36:40.8278561Z ^[[1m^[[92m  Downloaded^[[0m web-time v1.1.0
native	Run cargo metadata --locked --format-version 1 > cargo-metadata.json	2026-09-18T11:36:40.8387889Z ^[[1m^[[92m  Downloaded^[[0m winapi-util v0.1.11
native	Run cargo metadata --locked --format-version 1 > cargo-metadata.json	2026-09-18T11:36:40.8482897Z ^[[1m^[[92m  Downloaded^[[0m windows-core v0.62.2
native	Run cargo metadata --locked --format-version 1 > cargo-metadata.json	2026-09-18T11:36:40.8699348Z ^[[1m^[[92m  Downloaded^[[0m windows-future v0.3.2
native	Run cargo metadata --locked --format-version 1 > cargo-metadata.json	2026-09-18T11:36:40.8798073Z ^[[1m^[[92m  Downloaded^[[0m windows-implement v0.60.2
native	Run cargo metadata --locked --format-version 1 > cargo-metadata.json	2026-09-18T11:36:40.8859136Z ^[[1m^[[92m  Downloaded^[[0m windows-interface v0.59.3
native	Run cargo metadata --locked --format-version 1 > cargo-metadata.json	2026-09-18T11:36:40.8914029Z ^[[1m^[[92m  Downloaded^[[0m windows-link v0.2.1
native	Run cargo metadata --locked --format-version 1 > cargo-metadata.json	2026-09-18T11:36:40.8969227Z ^[[1m^[[92m  Downloaded^[[0m zerovec-derive v0.11.6
native	Run cargo metadata --locked --format-version 1 > cargo-metadata.json	2026-09-18T11:36:40.9079638Z ^[[1m^[[92m  Downloaded^[[0m zip v2.4.2
native	Run cargo metadata --locked --format-version 1 > cargo-metadata.json	2026-09-18T11:36:40.9291262Z ^[[1m^[[92m  Downloaded^[[0m zmij v1.0.23
native	Run cargo metadata --locked --format-version 1 > cargo-metadata.json	2026-09-18T11:36:40.9385588Z ^[[1m^[[92m  Downloaded^[[0m addr2line v0.26.1
native	Run cargo metadata --locked --format-version 1 > cargo-metadata.json	2026-09-18T11:36:40.9487504Z ^[[1m^[[92m  Downloaded^[[0m ahash v0.8.12
native	Run cargo metadata --locked --format-version 1 > cargo-metadata.json	2026-09-18T11:36:40.9616259Z ^[[1m^[[92m  Downloaded^[[0m arbitrary v1.4.2
native	Run cargo metadata --locked --format-version 1 > cargo-metadata.json	2026-09-18T11:36:40.9942384Z ^[[1m^[[92m  Downloaded^[[0m base64ct v1.8.3
native	Run cargo metadata --locked --format-version 1 > cargo-metadata.json	2026-09-18T11:36:41.0105442Z ^[[1m^[[92m  Downloaded^[[0m bitflags v2.13.1
native	Run cargo metadata --locked --format-version 1 > cargo-metadata.json	2026-09-18T11:36:41.0402275Z ^[[1m^[[92m  Downloaded^[[0m blake2 v0.10.6
native	Run cargo metadata --locked --format-version 1 > cargo-metadata.json	2026-09-18T11:36:41.0540008Z ^[[1m^[[92m  Downloaded^[[0m block2 v0.5.1
native	Run cargo metadata --locked --format-version 1 > cargo-metadata.json	2026-09-18T11:36:41.0623321Z ^[[1m^[[92m  Downloaded^[[0m byteorder v1.5.0
native	Run cargo metadata --locked --format-version 1 > cargo-metadata.json	2026-09-18T11:36:41.0709340Z ^[[1m^[[92m  Downloaded^[[0m bytes v1.12.1
native	Run cargo metadata --locked --format-version 1 > cargo-metadata.json	2026-09-18T11:36:41.0939893Z ^[[1m^[[92m  Downloaded^[[0m cap-std v4.0.3
native	Run cargo metadata --locked --format-version 1 > cargo-metadata.json	2026-09-18T11:36:41.1120378Z ^[[1m^[[92m  Downloaded^[[0m core-foundation-sys v0.8.7
native	Run cargo metadata --locked --format-version 1 > cargo-metadata.json	2026-09-18T11:36:41.1331795Z ^[[1m^[[92m  Downloaded^[[0m core-graphics v0.23.2
native	Run cargo metadata --locked --format-version 1 > cargo-metadata.json	2026-09-18T11:36:41.1459552Z ^[[1m^[[92m  Downloaded^[[0m cranelift-assembler-x64 v0.135.1
native	Run cargo metadata --locked --format-version 1 > cargo-metadata.json	2026-09-18T11:36:41.1569239Z ^[[1m^[[92m  Downloaded^[[0m cranelift-bitset v0.135.1
native	Run cargo metadata --locked --format-version 1 > cargo-metadata.json	2026-09-18T11:36:41.1625159Z ^[[1m^[[92m  Downloaded^[[0m cranelift-entity v0.135.1
native	Run cargo metadata --locked --format-version 1 > cargo-metadata.json	2026-09-18T11:36:41.1719447Z ^[[1m^[[92m  Downloaded^[[0m cranelift-native v0.135.1
native	Run cargo metadata --locked --format-version 1 > cargo-metadata.json	2026-09-18T11:36:41.1772482Z ^[[1m^[[92m  Downloaded^[[0m critical-section v1.2.0
native	Run cargo metadata --locked --format-version 1 > cargo-metadata.json	2026-09-18T11:36:41.1875931Z ^[[1m^[[92m  Downloaded^[[0m digest v0.10.7
native	Run cargo metadata --locked --format-version 1 > cargo-metadata.json	2026-09-18T11:36:41.2004665Z ^[[1m^[[92m  Downloaded^[[0m displaydoc v0.2.7
native	Run cargo metadata --locked --format-version 1 > cargo-metadata.json	2026-09-18T11:36:41.2140712Z ^[[1m^[[92m  Downloaded^[[0m ed25519 v2.2.3
native	Run cargo metadata --locked --format-version 1 > cargo-metadata.json	2026-09-18T11:36:41.2240229Z ^[[1m^[[92m  Downloaded^[[0m either v1.18.0
native	Run cargo metadata --locked --format-version 1 > cargo-metadata.json	2026-09-18T11:36:41.2333363Z ^[[1m^[[92m  Downloaded^[[0m foreign-types v0.5.0
native	Run cargo metadata --locked --format-version 1 > cargo-metadata.json	2026-09-18T11:36:41.2397804Z ^[[1m^[[92m  Downloaded^[[0m foreign-types-macros v0.2.4
native	Run cargo metadata --locked --format-version 1 > cargo-metadata.json	2026-09-18T11:36:41.2451241Z ^[[1m^[[92m  Downloaded^[[0m foreign-types-shared v0.3.1
native	Run cargo metadata --locked --format-version 1 > cargo-metadata.json	2026-09-18T11:36:41.2496233Z ^[[1m^[[92m  Downloaded^[[0m form_urlencoded v1.2.2
native	Run cargo metadata --locked --format-version 1 > cargo-metadata.json	2026-09-18T11:36:41.2545860Z ^[[1m^[[92m  Downloaded^[[0m hermit-abi v0.5.3
native	Run cargo metadata --locked --format-version 1 > cargo-metadata.json	2026-09-18T11:36:41.2610141Z ^[[1m^[[92m  Downloaded^[[0m litemap v0.8.3
native	Run cargo metadata --locked --format-version 1 > cargo-metadata.json	2026-09-18T11:36:41.6262709Z ^[[1m^[[92m  Downloaded^[[0m maybe-owned v0.3.4
native	Run cargo metadata --locked --format-version 1 > cargo-metadata.json	2026-09-18T11:36:41.6336506Z ^[[1m^[[92m  Downloaded^[[0m objc2-metal v0.2.2
native	Run cargo metadata --locked --format-version 1 > cargo-metadata.json	2026-09-18T11:36:41.6738548Z ^[[1m^[[92m  Downloaded^[[0m polling v3.11.0
native	Run cargo metadata --locked --format-version 1 > cargo-metadata.json	2026-09-18T11:36:41.6910816Z ^[[1m^[[92m  Downloaded^[[0m prettyplease v0.2.37
native	Run cargo metadata --locked --format-version 1 > cargo-metadata.json	2026-09-18T11:36:41.7111093Z ^[[1m^[[92m  Downloaded^[[0m pulley-interpreter v48.0.1
native	Run cargo metadata --locked --format-version 1 > cargo-metadata.json	2026-09-18T11:36:41.7250612Z ^[[1m^[[92m  Downloaded^[[0m serde v1.0.229
native	Run cargo metadata --locked --format-version 1 > cargo-metadata.json	2026-09-18T11:36:41.7433856Z ^[[1m^[[92m  Downloaded^[[0m serde_core v1.0.229
native	Run cargo metadata --locked --format-version 1 > cargo-metadata.json	2026-09-18T11:36:41.7580799Z ^[[1m^[[92m  Downloaded^[[0m socket2 v0.6.5
native	Run cargo metadata --locked --format-version 1 > cargo-metadata.json	2026-09-18T11:36:41.7658515Z ^[[1m^[[92m  Downloaded^[[0m toml_write v0.1.2
native	Run cargo metadata --locked --format-version 1 > cargo-metadata.json	2026-09-18T11:36:41.7742674Z ^[[1m^[[92m  Downloaded^[[0m version_check v0.9.5
native	Run cargo metadata --locked --format-version 1 > cargo-metadata.json	2026-09-18T11:36:41.7813845Z ^[[1m^[[92m  Downloaded^[[0m wasmprinter v0.254.0
native	Run cargo metadata --locked --format-version 1 > cargo-metadata.json	2026-09-18T11:36:41.7905993Z ^[[1m^[[92m  Downloaded^[[0m wasmtime-internal-fiber v48.0.1
native	Run cargo metadata --locked --format-version 1 > cargo-metadata.json	2026-09-18T11:36:41.8035699Z ^[[1m^[[92m  Downloaded^[[0m wayland-scanner v0.31.11
native	Run cargo metadata --locked --format-version 1 > cargo-metadata.json	2026-09-18T11:36:41.8161901Z ^[[1m^[[92m  Downloaded^[[0m zerovec v0.11.8
native	Run cargo metadata --locked --format-version 1 > cargo-metadata.json	2026-09-18T11:36:41.8524712Z ^[[1m^[[92m  Downloaded^[[0m zopfli v0.8.3
native	Run cargo metadata --locked --format-version 1 > cargo-metadata.json	2026-09-18T11:36:41.8671974Z ^[[1m^[[92m  Downloaded^[[0m base64 v0.22.1
native	Run cargo metadata --locked --format-version 1 > cargo-metadata.json	2026-09-18T11:36:41.8899650Z ^[[1m^[[92m  Downloaded^[[0m bytemuck v1.25.2
native	Run cargo metadata --locked --format-version 1 > cargo-metadata.json	2026-09-18T11:36:41.9103264Z ^[[1m^[[92m  Downloaded^[[0m calloop v0.13.0
native	Run cargo metadata --locked --format-version 1 > cargo-metadata.json	2026-09-18T11:36:41.9300565Z ^[[1m^[[92m  Downloaded^[[0m cap-primitives v4.0.3
native	Run cargo metadata --locked --format-version 1 > cargo-metadata.json	2026-09-18T11:36:42.0084668Z ^[[1m^[[92m  Downloaded^[[0m chacha20 v0.10.2
native	Run cargo metadata --locked --format-version 1 > cargo-metadata.json	2026-09-18T11:36:42.0222018Z ^[[1m^[[92m  Downloaded^[[0m cranelift-assembler-x64-meta v0.135.1
native	Run cargo metadata --locked --format-version 1 > cargo-metadata.json	2026-09-18T11:36:42.0448984Z ^[[1m^[[92m  Downloaded^[[0m cranelift-bforest v0.135.1
native	Run cargo metadata --locked --format-version 1 > cargo-metadata.json	2026-09-18T11:36:42.0520741Z ^[[1m^[[92m  Downloaded^[[0m crc32fast v1.5.1
native	Run cargo metadata --locked --format-version 1 > cargo-metadata.json	2026-09-18T11:36:42.0625531Z ^[[1m^[[92m  Downloaded^[[0m crossbeam-utils v0.8.23
native	Run cargo metadata --locked --format-version 1 > cargo-metadata.json	2026-09-18T11:36:42.0809447Z ^[[1m^[[92m  Downloaded^[[0m ed25519-dalek v2.2.0
native	Run cargo metadata --locked --format-version 1 > cargo-metadata.json	2026-09-18T11:36:42.0964684Z ^[[1m^[[92m  Downloaded^[[0m getrandom v0.2.17
native	Run cargo metadata --locked --format-version 1 > cargo-metadata.json	2026-09-18T11:36:42.1166111Z ^[[1m^[[92m  Downloaded^[[0m getrandom v0.3.4
native	Run cargo metadata --locked --format-version 1 > cargo-metadata.json	2026-09-18T11:36:42.1389459Z ^[[1m^[[92m  Downloaded^[[0m getrandom v0.4.3
native	Run cargo metadata --locked --format-version 1 > cargo-metadata.json	2026-09-18T11:36:42.1620124Z ^[[1m^[[92m  Downloaded^[[0m icu_collections v2.1.1
native	Run cargo metadata --locked --format-version 1 > cargo-metadata.json	2026-09-18T11:36:42.3545808Z ^[[1m^[[92m  Downloaded^[[0m icu_locale_core v2.1.1
native	Run cargo metadata --locked --format-version 1 > cargo-metadata.json	2026-09-18T11:36:42.4013295Z ^[[1m^[[92m  Downloaded^[[0m icu_normalizer v2.1.1
native	Run cargo metadata --locked --format-version 1 > cargo-metadata.json	2026-09-18T11:36:42.4228943Z ^[[1m^[[92m  Downloaded^[[0m icu_normalizer_data v2.1.1
native	Run cargo metadata --locked --format-version 1 > cargo-metadata.json	2026-09-18T11:36:42.4331086Z ^[[1m^[[92m  Downloaded^[[0m icu_properties v2.1.2
native	Run cargo metadata --locked --format-version 1 > cargo-metadata.json	2026-09-18T11:36:42.4439858Z ^[[1m^[[92m  Downloaded^[[0m log v0.4.34
native	Run cargo metadata --locked --format-version 1 > cargo-metadata.json	2026-09-18T11:36:42.4562228Z ^[[1m^[[92m  Downloaded^[[0m mach2 v0.6.0
native	Run cargo metadata --locked --format-version 1 > cargo-metadata.json	2026-09-18T11:36:42.4863440Z ^[[1m^[[92m  Downloaded^[[0m miniz_oxide v0.9.1
native	Run cargo metadata --locked --format-version 1 > cargo-metadata.json	2026-09-18T11:36:42.4989086Z ^[[1m^[[92m  Downloaded^[[0m rand v0.10.2
native	Run cargo metadata --locked --format-version 1 > cargo-metadata.json	2026-09-18T11:36:42.5208483Z ^[[1m^[[92m  Downloaded^[[0m regalloc2 v0.15.2
native	Run cargo metadata --locked --format-version 1 > cargo-metadata.json	2026-09-18T11:36:42.5444532Z ^[[1m^[[92m  Downloaded^[[0m smithay-client-toolkit v0.19.2
native	Run cargo metadata --locked --format-version 1 > cargo-metadata.json	2026-09-18T11:36:42.5884677Z ^[[1m^[[92m  Downloaded^[[0m toml_edit v0.22.27
native	Run cargo metadata --locked --format-version 1 > cargo-metadata.json	2026-09-18T11:36:42.6180183Z ^[[1m^[[92m  Downloaded^[[0m tracing-attributes v0.1.31
native	Run cargo metadata --locked --format-version 1 > cargo-metadata.json	2026-09-18T11:36:42.6341999Z ^[[1m^[[92m  Downloaded^[[0m tracing-core v0.1.36
native	Run cargo metadata --locked --format-version 1 > cargo-metadata.json	2026-09-18T11:36:42.6498066Z ^[[1m^[[92m  Downloaded^[[0m typenum v1.20.1
native	Run cargo metadata --locked --format-version 1 > cargo-metadata.json	2026-09-18T11:36:43.1603317Z ^[[1m^[[92m  Downloaded^[[0m unicode-ident v1.0.24
native	Run cargo metadata --locked --format-version 1 > cargo-metadata.json	2026-09-18T11:36:43.1773382Z ^[[1m^[[92m  Downloaded^[[0m url v2.5.8
native	Run cargo metadata --locked --format-version 1 > cargo-metadata.json	2026-09-18T11:36:43.1904238Z ^[[1m^[[92m  Downloaded^[[0m uuid v1.26.0
native	Run cargo metadata --locked --format-version 1 > cargo-metadata.json	2026-09-18T11:36:43.2060144Z ^[[1m^[[92m  Downloaded^[[0m walkdir v2.5.0
native	Run cargo metadata --locked --format-version 1 > cargo-metadata.json	2026-09-18T11:36:43.2184949Z ^[[1m^[[92m  Downloaded^[[0m wasm-encoder v0.258.0
native	Run cargo metadata --locked --format-version 1 > cargo-metadata.json	2026-09-18T11:36:43.2411552Z ^[[1m^[[92m  Downloaded^[[0m wayland-backend v0.3.17
native	Run cargo metadata --locked --format-version 1 > cargo-metadata.json	2026-09-18T11:36:43.2654830Z ^[[1m^[[92m  Downloaded^[[0m wayland-client v0.31.15
native	Run cargo metadata --locked --format-version 1 > cargo-metadata.json	2026-09-18T11:36:43.2764677Z ^[[1m^[[92m  Downloaded^[[0m windows-numerics v0.3.1
native	Run cargo metadata --locked --format-version 1 > cargo-metadata.json	2026-09-18T11:36:43.2845339Z ^[[1m^[[92m  Downloaded^[[0m wit-bindgen-rust-macro v0.61.1
native	Run cargo metadata --locked --format-version 1 > cargo-metadata.json	2026-09-18T11:36:43.2901275Z ^[[1m^[[92m  Downloaded^[[0m writeable v0.6.4
native	Run cargo metadata --locked --format-version 1 > cargo-metadata.json	2026-09-18T11:36:43.3040062Z ^[[1m^[[92m  Downloaded^[[0m xcursor v0.3.11
native	Run cargo metadata --locked --format-version 1 > cargo-metadata.json	2026-09-18T11:36:43.3089278Z ^[[1m^[[92m  Downloaded^[[0m zerotrie v0.2.5
native	Run cargo metadata --locked --format-version 1 > cargo-metadata.json	2026-09-18T11:36:43.3327021Z ^[[1m^[[92m  Downloaded^[[0m bumpalo v3.20.3
native	Run cargo metadata --locked --format-version 1 > cargo-metadata.json	2026-09-18T11:36:43.3447269Z ^[[1m^[[92m  Downloaded^[[0m cpp_demangle v0.5.1
native	Run cargo metadata --locked --format-version 1 > cargo-metadata.json	2026-09-18T11:36:43.3579989Z ^[[1m^[[92m  Downloaded^[[0m cranelift-codegen-meta v0.135.1
native	Run cargo metadata --locked --format-version 1 > cargo-metadata.json	2026-09-18T11:36:43.3780130Z ^[[1m^[[92m  Downloaded^[[0m cranelift-frontend v0.135.1
native	Run cargo metadata --locked --format-version 1 > cargo-metadata.json	2026-09-18T11:36:43.3856505Z ^[[1m^[[92m  Downloaded^[[0m cranelift-isle v0.135.1
native	Run cargo metadata --locked --format-version 1 > cargo-metadata.json	2026-09-18T11:36:43.4199302Z ^[[1m^[[92m  Downloaded^[[0m der v0.7.10
native	Run cargo metadata --locked --format-version 1 > cargo-metadata.json	2026-09-18T11:36:43.4529985Z ^[[1m^[[92m  Downloaded^[[0m errno v0.3.14
native	Run cargo metadata --locked --format-version 1 > cargo-metadata.json	2026-09-18T11:36:43.4622151Z ^[[1m^[[92m  Downloaded^[[0m find-msvc-tools v0.1.12
native	Run cargo metadata --locked --format-version 1 > cargo-metadata.json	2026-09-18T11:36:43.4720482Z ^[[1m^[[92m  Downloaded^[[0m fnv v1.0.7
native	Run cargo metadata --locked --format-version 1 > cargo-metadata.json	2026-09-18T11:36:43.4773696Z ^[[1m^[[92m  Downloaded^[[0m fs-set-times v0.20.3
native	Run cargo metadata --locked --format-version 1 > cargo-metadata.json	2026-09-18T11:36:43.4858985Z ^[[1m^[[92m  Downloaded^[[0m futures-core v0.3.34
native	Run cargo metadata --locked --format-version 1 > cargo-metadata.json	2026-09-18T11:36:43.4950023Z ^[[1m^[[92m  Downloaded^[[0m futures-io v0.3.34
native	Run cargo metadata --locked --format-version 1 > cargo-metadata.json	2026-09-18T11:36:43.5005720Z ^[[1m^[[92m  Downloaded^[[0m futures-sink v0.3.34
native	Run cargo metadata --locked --format-version 1 > cargo-metadata.json	2026-09-18T11:36:43.5064024Z ^[[1m^[[92m  Downloaded^[[0m hash32 v0.2.1
native	Run cargo metadata --locked --format-version 1 > cargo-metadata.json	2026-09-18T11:36:43.5164754Z ^[[1m^[[92m  Downloaded^[[0m libm v0.2.16
native	Run cargo metadata --locked --format-version 1 > cargo-metadata.json	2026-09-18T11:36:43.5865377Z ^[[1m^[[92m  Downloaded^[[0m ndk-sys v0.6.0+11769913
native	Run cargo metadata --locked --format-version 1 > cargo-metadata.json	2026-09-18T11:36:43.6006863Z ^[[1m^[[92m  Downloaded^[[0m objc2-app-kit v0.2.2
native	Run cargo metadata --locked --format-version 1 > cargo-metadata.json	2026-09-18T11:36:43.7628132Z ^[[1m^[[92m  Downloaded^[[0m serde_json v1.0.150
native	Run cargo metadata --locked --format-version 1 > cargo-metadata.json	2026-09-18T11:36:44.7551122Z ^[[1m^[[92m  Downloaded^[[0m toml_datetime v0.6.11
native	Run cargo metadata --locked --format-version 1 > cargo-metadata.json	2026-09-18T11:36:45.1219703Z ^[[1m^[[92m  Downloaded^[[0m toml_datetime v1.1.1+spec-1.1.0
native	Run cargo metadata --locked --format-version 1 > cargo-metadata.json	2026-09-18T11:36:45.1281949Z ^[[1m^[[92m  Downloaded^[[0m toml_parser v1.1.3+spec-1.1.0
native	Run cargo metadata --locked --format-version 1 > cargo-metadata.json	2026-09-18T11:36:45.1420924Z ^[[1m^[[92m  Downloaded^[[0m wasi v0.11.1+wasi-snapshot-preview1
native	Run cargo metadata --locked --format-version 1 > cargo-metadata.json	2026-09-18T11:36:45.1826900Z ^[[1m^[[92m  Downloaded^[[0m wasm-bindgen-macro-support v0.2.128
native	Run cargo metadata --locked --format-version 1 > cargo-metadata.json	2026-09-18T11:36:45.1922573Z ^[[1m^[[92m  Downloaded^[[0m wasm-bindgen-shared v0.2.128
native	Run cargo metadata --locked --format-version 1 > cargo-metadata.json	2026-09-18T11:36:45.1987641Z ^[[1m^[[92m  Downloaded^[[0m wayland-csd-frame v0.3.0
native	Run cargo metadata --locked --format-version 1 > cargo-metadata.json	2026-09-18T11:36:45.2045700Z ^[[1m^[[92m  Downloaded^[[0m windows-result v0.4.1
native	Run cargo metadata --locked --format-version 1 > cargo-metadata.json	2026-09-18T11:36:45.2133164Z ^[[1m^[[92m  Downloaded^[[0m windows-strings v0.5.1
native	Run cargo metadata --locked --format-version 1 > cargo-metadata.json	2026-09-18T11:36:45.2237705Z ^[[1m^[[92m  Downloaded^[[0m winnow v0.7.15
native	Run cargo metadata --locked --format-version 1 > cargo-metadata.json	2026-09-18T11:36:45.2809561Z ^[[1m^[[92m  Downloaded^[[0m winx v0.36.4
native	Run cargo metadata --locked --format-version 1 > cargo-metadata.json	2026-09-18T11:36:45.3836523Z ^[[1m^[[92m  Downloaded^[[0m wit-bindgen-core v0.61.1
native	Run cargo metadata --locked --format-version 1 > cargo-metadata.json	2026-09-18T11:36:45.3924779Z ^[[1m^[[92m  Downloaded^[[0m wit-bindgen-rust v0.61.1
native	Run cargo metadata --locked --format-version 1 > cargo-metadata.json	2026-09-18T11:36:45.4021283Z ^[[1m^[[92m  Downloaded^[[0m foldhash v0.2.0
native	Run cargo metadata --locked --format-version 1 > cargo-metadata.json	2026-09-18T11:36:45.4087173Z ^[[1m^[[92m  Downloaded^[[0m futures-channel v0.3.34
native	Run cargo metadata --locked --format-version 1 > cargo-metadata.json	2026-09-18T11:36:45.4207972Z ^[[1m^[[92m  Downloaded^[[0m futures-task v0.3.34
native	Run cargo metadata --locked --format-version 1 > cargo-metadata.json	2026-09-18T11:36:45.4285889Z ^[[1m^[[92m  Downloaded^[[0m icu_properties_data v2.1.2
native	Run cargo metadata --locked --format-version 1 > cargo-metadata.json	2026-09-18T11:36:45.6277186Z ^[[1m^[[92m  Downloaded^[[0m md-5 v0.10.6
native	Run cargo metadata --locked --format-version 1 > cargo-metadata.json	2026-09-18T11:36:45.9297822Z ^[[1m^[[92m  Downloaded^[[0m x11-dl v2.21.0
native	Run cargo metadata --locked --format-version 1 > cargo-metadata.json	2026-09-18T11:36:45.9466764Z ^[[1m^[[92m  Downloaded^[[0m flate2 v1.1.10
native	Run cargo metadata --locked --format-version 1 > cargo-metadata.json	2026-09-18T11:36:46.2760415Z ^[[1m^[[92m  Downloaded^[[0m futures v0.3.34
native	Run cargo metadata --locked --format-version 1 > cargo-metadata.json	2026-09-18T11:36:46.3101655Z ^[[1m^[[92m  Downloaded^[[0m futures-util v0.3.34
native	Run cargo metadata --locked --format-version 1 > cargo-metadata.json	2026-09-18T11:36:46.5330731Z ^[[1m^[[92m  Downloaded^[[0m heck v0.5.0
native	Run cargo metadata --locked --format-version 1 > cargo-metadata.json	2026-09-18T11:36:46.5844591Z ^[[1m^[[92m  Downloaded^[[0m id-arena v2.3.0
native	Run cargo metadata --locked --format-version 1 > cargo-metadata.json	2026-09-18T11:36:46.5923575Z ^[[1m^[[92m  Downloaded^[[0m idna_adapter v1.2.1
native	Run cargo metadata --locked --format-version 1 > cargo-metadata.json	2026-09-18T11:36:46.5998264Z ^[[1m^[[92m  Downloaded^[[0m io-lifetimes v2.0.4
native	Run cargo metadata --locked --format-version 1 > cargo-metadata.json	2026-09-18T11:36:46.6097981Z ^[[1m^[[92m  Downloaded^[[0m ipnet v2.12.2
native	Run cargo metadata --locked --format-version 1 > cargo-metadata.json	2026-09-18T11:36:46.7385550Z ^[[1m^[[92m  Downloaded^[[0m itoa v1.0.18
native	Run cargo metadata --locked --format-version 1 > cargo-metadata.json	2026-09-18T11:36:46.7467291Z ^[[1m^[[92m  Downloaded^[[0m memmap2 v0.9.11
native	Run cargo metadata --locked --format-version 1 > cargo-metadata.json	2026-09-18T11:36:46.7566380Z ^[[1m^[[92m  Downloaded^[[0m object v0.39.1
native	Run cargo metadata --locked --format-version 1 > cargo-metadata.json	2026-09-18T11:36:47.2728035Z ^[[1m^[[92m  Downloaded^[[0m unicode-segmentation v1.13.3
native	Run cargo metadata --locked --format-version 1 > cargo-metadata.json	2026-09-18T11:36:47.2845785Z ^[[1m^[[92m  Downloaded^[[0m wasm-bindgen v0.2.128
native	Run cargo metadata --locked --format-version 1 > cargo-metadata.json	2026-09-18T11:36:47.3003370Z ^[[1m^[[92m  Downloaded^[[0m wasm-metadata v0.254.0
native	Run cargo metadata --locked --format-version 1 > cargo-metadata.json	2026-09-18T11:36:47.3158639Z ^[[1m^[[92m  Downloaded^[[0m wasm-metadata v0.258.0
native	Run cargo metadata --locked --format-version 1 > cargo-metadata.json	2026-09-18T11:36:47.3314714Z ^[[1m^[[92m  Downloaded^[[0m wasmtime-internal-wit-bindgen v48.0.1
native	Run cargo metadata --locked --format-version 1 > cargo-metadata.json	2026-09-18T11:36:47.3373916Z ^[[1m^[[92m  Downloaded^[[0m wit-bindgen v0.61.1
native	Run cargo metadata --locked --format-version 1 > cargo-metadata.json	2026-09-18T11:36:47.3624210Z ^[[1m^[[92m  Downloaded^[[0m icu_provider v2.1.1
native	Run cargo metadata --locked --format-version 1 > cargo-metadata.json	2026-09-18T11:36:47.3777202Z ^[[1m^[[92m  Downloaded^[[0m io-extras v0.19.0
native	Run cargo metadata --locked --format-version 1 > cargo-metadata.json	2026-09-18T11:36:47.4064471Z ^[[1m^[[92m  Downloaded^[[0m io-lifetimes v3.0.1
native	Run cargo metadata --locked --format-version 1 > cargo-metadata.json	2026-09-18T11:36:47.4170358Z ^[[1m^[[92m  Downloaded^[[0m quick-xml v0.41.0
native	Run cargo metadata --locked --format-version 1 > cargo-metadata.json	2026-09-18T11:36:47.4453154Z ^[[1m^[[92m  Downloaded^[[0m tiny-skia v0.11.4
native	Run cargo metadata --locked --format-version 1 > cargo-metadata.json	2026-09-18T11:36:47.5909454Z ^[[1m^[[92m  Downloaded^[[0m wasmtime-internal-component-util v48.0.1
native	Run cargo metadata --locked --format-version 1 > cargo-metadata.json	2026-09-18T11:36:47.5949434Z ^[[1m^[[92m  Downloaded^[[0m wasmtime-internal-jit-debug v48.0.1
native	Run cargo metadata --locked --format-version 1 > cargo-metadata.json	2026-09-18T11:36:47.6009857Z ^[[1m^[[92m  Downloaded^[[0m wasmtime-internal-jit-icache-coherence v48.0.1
native	Run cargo metadata --locked --format-version 1 > cargo-metadata.json	2026-09-18T11:36:47.6063495Z ^[[1m^[[92m  Downloaded^[[0m android-activity v0.6.1
native	Run cargo metadata --locked --format-version 1 > cargo-metadata.json	2026-09-18T11:36:47.6426820Z ^[[1m^[[92m  Downloaded^[[0m curve25519-dalek v4.1.3
native	Run cargo metadata --locked --format-version 1 > cargo-metadata.json	2026-09-18T11:36:47.6829166Z ^[[1m^[[92m  Downloaded^[[0m heapless v0.7.17
native	Run cargo metadata --locked --format-version 1 > cargo-metadata.json	2026-09-18T11:36:47.7123847Z ^[[1m^[[92m  Downloaded^[[0m indexmap v2.14.2
native	Run cargo metadata --locked --format-version 1 > cargo-metadata.json	2026-09-18T11:36:47.7348130Z ^[[1m^[[92m  Downloaded^[[0m jni-sys-macros v0.4.1
native	Run cargo metadata --locked --format-version 1 > cargo-metadata.json	2026-09-18T11:36:47.7393855Z ^[[1m^[[92m  Downloaded^[[0m toml_edit v0.25.13+spec-1.1.0
native	Run cargo metadata --locked --format-version 1 > cargo-metadata.json	2026-09-18T11:36:47.7652771Z ^[[1m^[[92m  Downloaded^[[0m wasm-encoder v0.254.0
native	Run cargo metadata --locked --format-version 1 > cargo-metadata.json	2026-09-18T11:36:47.7879441Z ^[[1m^[[92m  Downloaded^[[0m wasmtime-environ v48.0.1
native	Run cargo metadata --locked --format-version 1 > cargo-metadata.json	2026-09-18T11:36:47.8421248Z ^[[1m^[[92m  Downloaded^[[0m wasmtime-internal-unwinder v48.0.1
native	Run cargo metadata --locked --format-version 1 > cargo-metadata.json	2026-09-18T11:36:48.0217501Z ^[[1m^[[92m  Downloaded^[[0m wit-bindgen v0.57.1
native	Run cargo metadata --locked --format-version 1 > cargo-metadata.json	2026-09-18T11:36:48.0454610Z ^[[1m^[[92m  Downloaded^[[0m gimli v0.33.0
native	Run cargo metadata --locked --format-version 1 > cargo-metadata.json	2026-09-18T11:36:48.1502491Z ^[[1m^[[92m  Downloaded^[[0m jni-macros v0.22.4
native	Run cargo metadata --locked --format-version 1 > cargo-metadata.json	2026-09-18T11:36:48.1589692Z ^[[1m^[[92m  Downloaded^[[0m jni-sys v0.3.1
native	Run cargo metadata --locked --format-version 1 > cargo-metadata.json	2026-09-18T11:36:48.1674413Z ^[[1m^[[92m  Downloaded^[[0m jobserver v0.1.35
native	Run cargo metadata --locked --format-version 1 > cargo-metadata.json	2026-09-18T11:36:48.1793846Z ^[[1m^[[92m  Downloaded^[[0m leb128fmt v0.1.0
native	Run cargo metadata --locked --format-version 1 > cargo-metadata.json	2026-09-18T11:36:48.1846437Z ^[[1m^[[92m  Downloaded^[[0m libloading v0.8.9
native	Run cargo metadata --locked --format-version 1 > cargo-metadata.json	2026-09-18T11:36:48.1992562Z ^[[1m^[[92m  Downloaded^[[0m libredox v0.1.23
native	Run cargo metadata --locked --format-version 1 > cargo-metadata.json	2026-09-18T11:36:48.2057528Z ^[[1m^[[92m  Downloaded^[[0m lock_api v0.4.14
native	Run cargo metadata --locked --format-version 1 > cargo-metadata.json	2026-09-18T11:36:48.2119840Z ^[[1m^[[92m  Downloaded^[[0m objc2-foundation v0.2.2
native	Run cargo metadata --locked --format-version 1 > cargo-metadata.json	2026-09-18T11:36:48.9852592Z ^[[1m^[[92m  Downloaded^[[0m wasmtime-internal-core v48.0.1
native	Run cargo metadata --locked --format-version 1 > cargo-metadata.json	2026-09-18T11:36:49.0060396Z ^[[1m^[[92m  Downloaded^[[0m hashbrown v0.16.1
native	Run cargo metadata --locked --format-version 1 > cargo-metadata.json	2026-09-18T11:36:49.0315365Z ^[[1m^[[92m  Downloaded^[[0m hashbrown v0.17.1
native	Run cargo metadata --locked --format-version 1 > cargo-metadata.json	2026-09-18T11:36:49.0579795Z ^[[1m^[[92m  Downloaded^[[0m idna v1.1.0
native	Run cargo metadata --locked --format-version 1 > cargo-metadata.json	2026-09-18T11:36:49.0712299Z ^[[1m^[[92m  Downloaded^[[0m itertools v0.14.0
native	Run cargo metadata --locked --format-version 1 > cargo-metadata.json	2026-09-18T11:36:49.1261958Z ^[[1m^[[92m  Downloaded^[[0m lexopt v0.3.1
native	Run cargo metadata --locked --format-version 1 > cargo-metadata.json	2026-09-18T11:36:49.1352555Z ^[[1m^[[92m  Downloaded^[[0m minisign-verify v0.2.4
native	Run cargo metadata --locked --format-version 1 > cargo-metadata.json	2026-09-18T11:36:49.1475950Z ^[[1m^[[92m  Downloaded^[[0m wasip2 v1.0.4+wasi-0.2.12
native	Run cargo metadata --locked --format-version 1 > cargo-metadata.json	2026-09-18T11:36:49.3336717Z ^[[1m^[[92m  Downloaded^[[0m wasmparser v0.258.0
native	Run cargo metadata --locked --format-version 1 > cargo-metadata.json	2026-09-18T11:36:49.3784369Z ^[[1m^[[92m  Downloaded^[[0m wayland-cursor v0.31.14
native	Run cargo metadata --locked --format-version 1 > cargo-metadata.json	2026-09-18T11:36:49.3834723Z ^[[1m^[[92m  Downloaded^[[0m winnow v1.0.4
native	Run cargo metadata --locked --format-version 1 > cargo-metadata.json	2026-09-18T11:36:49.4453182Z ^[[1m^[[92m  Downloaded^[[0m ttf-parser v0.25.1
native	Run cargo metadata --locked --format-version 1 > cargo-metadata.json	2026-09-18T11:36:49.5028780Z ^[[1m^[[92m  Downloaded^[[0m wit-parser v0.254.0
native	Run cargo metadata --locked --format-version 1 > cargo-metadata.json	2026-09-18T11:36:50.1955911Z ^[[1m^[[92m  Downloaded^[[0m jni v0.22.4
native	Run cargo metadata --locked --format-version 1 > cargo-metadata.json	2026-09-18T11:36:50.2371985Z ^[[1m^[[92m  Downloaded^[[0m memchr v2.8.3
native	Run cargo metadata --locked --format-version 1 > cargo-metadata.json	2026-09-18T11:36:50.2685057Z ^[[1m^[[92m  Downloaded^[[0m ndk v0.9.0
native	Run cargo metadata --locked --format-version 1 > cargo-metadata.json	2026-09-18T11:36:50.2846621Z ^[[1m^[[92m  Downloaded^[[0m wit-parser v0.258.0
native	Run cargo metadata --locked --format-version 1 > cargo-metadata.json	2026-09-18T11:36:50.5345814Z ^[[1m^[[92m  Downloaded^[[0m mio v1.2.3
native	Run cargo metadata --locked --format-version 1 > cargo-metadata.json	2026-09-18T11:36:50.5763283Z ^[[1m^[[92m  Downloaded^[[0m objc2-ui-kit v0.2.2
native	Run cargo metadata --locked --format-version 1 > cargo-metadata.json	2026-09-18T11:36:50.7535650Z ^[[1m^[[92m  Downloaded^[[0m simd_cesu8 v1.2.0
native	Run cargo metadata --locked --format-version 1 > cargo-metadata.json	2026-09-18T11:36:50.7724611Z ^[[1m^[[92m  Downloaded^[[0m syn v3.0.5
native	Run cargo metadata --locked --format-version 1 > cargo-metadata.json	2026-09-18T11:36:50.8781791Z ^[[1m^[[92m  Downloaded^[[0m tracing v0.1.44
native	Run cargo metadata --locked --format-version 1 > cargo-metadata.json	2026-09-18T11:36:50.9472443Z ^[[1m^[[92m  Downloaded^[[0m wayland-protocols-plasma v0.3.12
native	Run cargo metadata --locked --format-version 1 > cargo-metadata.json	2026-09-18T11:36:50.9784967Z ^[[1m^[[92m  Downloaded^[[0m x11rb v0.13.2
native	Run cargo metadata --locked --format-version 1 > cargo-metadata.json	2026-09-18T11:36:51.0215126Z ^[[1m^[[92m  Downloaded^[[0m js-sys v0.3.105
native	Run cargo metadata --locked --format-version 1 > cargo-metadata.json	2026-09-18T11:36:51.0332738Z ^[[1m^[[92m  Downloaded^[[0m syn v2.0.119
native	Run cargo metadata --locked --format-version 1 > cargo-metadata.json	2026-09-18T11:36:51.0881640Z ^[[1m^[[92m  Downloaded^[[0m rustix v0.38.44
native	Run cargo metadata --locked --format-version 1 > cargo-metadata.json	2026-09-18T11:36:51.7926668Z ^[[1m^[[92m  Downloaded^[[0m unicode-width v0.2.2
native	Run cargo metadata --locked --format-version 1 > cargo-metadata.json	2026-09-18T11:36:51.8051673Z ^[[1m^[[92m  Downloaded^[[0m wit-component v0.254.0
native	Run cargo metadata --locked --format-version 1 > cargo-metadata.json	2026-09-18T11:36:52.9275409Z ^[[1m^[[92m  Downloaded^[[0m wast v258.0.0
native	Run cargo metadata --locked --format-version 1 > cargo-metadata.json	2026-09-18T11:36:53.0059278Z ^[[1m^[[92m  Downloaded^[[0m rustix v1.1.4
native	Run cargo metadata --locked --format-version 1 > cargo-metadata.json	2026-09-18T11:36:53.2726265Z ^[[1m^[[92m  Downloaded^[[0m windows_aarch64_gnullvm v0.52.6
native	Run cargo metadata --locked --format-version 1 > cargo-metadata.json	2026-09-18T11:36:53.2846349Z ^[[1m^[[92m  Downloaded^[[0m windows_x86_64_gnullvm v0.52.6
native	Run cargo metadata --locked --format-version 1 > cargo-metadata.json	2026-09-18T11:36:53.2965713Z ^[[1m^[[92m  Downloaded^[[0m wit-component v0.258.0
native	Run cargo metadata --locked --format-version 1 > cargo-metadata.json	2026-09-18T11:36:54.9440676Z ^[[1m^[[92m  Downloaded^[[0m wasmtime-internal-component-macro v48.0.1
native	Run cargo metadata --locked --format-version 1 > cargo-metadata.json	2026-09-18T11:36:55.1516312Z ^[[1m^[[92m  Downloaded^[[0m wayland-protocols v0.32.13
native	Run cargo metadata --locked --format-version 1 > cargo-metadata.json	2026-09-18T11:36:55.5732680Z ^[[1m^[[92m  Downloaded^[[0m wasmparser v0.254.0
native	Run cargo metadata --locked --format-version 1 > cargo-metadata.json	2026-09-18T11:36:55.6165802Z ^[[1m^[[92m  Downloaded^[[0m wasmtime-wasi v48.0.1
native	Run cargo metadata --locked --format-version 1 > cargo-metadata.json	2026-09-18T11:36:55.6700812Z ^[[1m^[[92m  Downloaded^[[0m wasmtime-internal-cranelift v48.0.1
native	Run cargo metadata --locked --format-version 1 > cargo-metadata.json	2026-09-18T11:36:55.6994648Z ^[[1m^[[92m  Downloaded^[[0m windows_i686_gnullvm v0.52.6
native	Run cargo metadata --locked --format-version 1 > cargo-metadata.json	2026-09-18T11:36:55.7119968Z ^[[1m^[[92m  Downloaded^[[0m winit v0.30.13
native	Run cargo metadata --locked --format-version 1 > cargo-metadata.json	2026-09-18T11:36:55.8342530Z ^[[1m^[[92m  Downloaded^[[0m pcre2-sys v0.2.10
native	Run cargo metadata --locked --format-version 1 > cargo-metadata.json	2026-09-18T11:36:55.8888455Z ^[[1m^[[92m  Downloaded^[[0m x11rb-protocol v0.13.2
native	Run cargo metadata --locked --format-version 1 > cargo-metadata.json	2026-09-18T11:36:55.9559934Z ^[[1m^[[92m  Downloaded^[[0m fiat-crypto v0.2.9
native	Run cargo metadata --locked --format-version 1 > cargo-metadata.json	2026-09-18T11:36:55.9818738Z ^[[1m^[[92m  Downloaded^[[0m web-sys v0.3.105
native	Run cargo metadata --locked --format-version 1 > cargo-metadata.json	2026-09-18T11:36:57.4567302Z ^[[1m^[[92m  Downloaded^[[0m windows_x86_64_msvc v0.52.6
native	Run cargo metadata --locked --format-version 1 > cargo-metadata.json	2026-09-18T11:36:57.4727986Z ^[[1m^[[92m  Downloaded^[[0m windows_aarch64_msvc v0.52.6
native	Run cargo metadata --locked --format-version 1 > cargo-metadata.json	2026-09-18T11:36:57.4885222Z ^[[1m^[[92m  Downloaded^[[0m windows_x86_64_gnu v0.52.6
native	Run cargo metadata --locked --format-version 1 > cargo-metadata.json	2026-09-18T11:36:57.5110590Z ^[[1m^[[92m  Downloaded^[[0m windows_i686_gnu v0.52.6
native	Run cargo metadata --locked --format-version 1 > cargo-metadata.json	2026-09-18T11:36:57.5338278Z ^[[1m^[[92m  Downloaded^[[0m windows_i686_msvc v0.52.6
native	Run cargo metadata --locked --format-version 1 > cargo-metadata.json	2026-09-18T11:36:57.5501921Z ^[[1m^[[92m  Downloaded^[[0m wasmtime v48.0.1
native	Run cargo metadata --locked --format-version 1 > cargo-metadata.json	2026-09-18T11:36:57.6898973Z ^[[1m^[[92m  Downloaded^[[0m cranelift-codegen v0.135.1
native	Run cargo metadata --locked --format-version 1 > cargo-metadata.json	2026-09-18T11:36:57.8276026Z ^[[1m^[[92m  Downloaded^[[0m libc v0.2.189
native	Run cargo metadata --locked --format-version 1 > cargo-metadata.json	2026-09-18T11:36:58.7556058Z ^[[1m^[[92m  Downloaded^[[0m encoding_rs v0.8.35
native	Run cargo metadata --locked --format-version 1 > cargo-metadata.json	2026-09-18T11:36:58.8149734Z ^[[1m^[[92m  Downloaded^[[0m orbclient v0.3.55
native	Run cargo metadata --locked --format-version 1 > cargo-metadata.json	2026-09-18T11:36:58.8427090Z ^[[1m^[[92m  Downloaded^[[0m windows-sys v0.59.0
native	Run cargo metadata --locked --format-version 1 > cargo-metadata.json	2026-09-18T11:36:59.0868101Z ^[[1m^[[92m  Downloaded^[[0m windows-sys v0.61.2
native	Run cargo metadata --locked --format-version 1 > cargo-metadata.json	2026-09-18T11:36:59.8422940Z ^[[1m^[[92m  Downloaded^[[0m linux-raw-sys v0.4.15
native	Run cargo metadata --locked --format-version 1 > cargo-metadata.json	2026-09-18T11:37:00.0262348Z ^[[1m^[[92m  Downloaded^[[0m linux-raw-sys v0.12.1
native	Run cargo metadata --locked --format-version 1 > cargo-metadata.json	2026-09-18T11:37:00.3707353Z ^[[1m^[[92m  Downloaded^[[0m windows-sys v0.52.0
native	Run cargo metadata --locked --format-version 1 > cargo-metadata.json	2026-09-18T11:37:00.6414419Z ^[[1m^[[92m  Downloaded^[[0m windows v0.62.2
native	Run python .github/workflows/check_toolchain_contract.py --metadata cargo-metadata.json	﻿2026-09-18T11:37:02.2563816Z ##[group]Run python .github/workflows/check_toolchain_contract.py --metadata cargo-metadata.json
native	Run python .github/workflows/check_toolchain_contract.py --metadata cargo-metadata.json	2026-09-18T11:37:02.2564452Z ^[[36;1mpython .github/workflows/check_toolchain_contract.py --metadata cargo-metadata.json^[[0m
native	Run python .github/workflows/check_toolchain_contract.py --metadata cargo-metadata.json	2026-09-18T11:37:02.2622961Z shell: C:\Program Files\PowerShell\7\pwsh.EXE -command ". '{0}'"
native	Run python .github/workflows/check_toolchain_contract.py --metadata cargo-metadata.json	2026-09-18T11:37:02.2623262Z env:
native	Run python .github/workflows/check_toolchain_contract.py --metadata cargo-metadata.json	2026-09-18T11:37:02.2623427Z   CARGO_HOME: C:\Users\runneradmin\.cargo
native	Run python .github/workflows/check_toolchain_contract.py --metadata cargo-metadata.json	2026-09-18T11:37:02.2623651Z   CARGO_INCREMENTAL: 0
native	Run python .github/workflows/check_toolchain_contract.py --metadata cargo-metadata.json	2026-09-18T11:37:02.2623820Z   CARGO_TERM_COLOR: always
native	Run python .github/workflows/check_toolchain_contract.py --metadata cargo-metadata.json	2026-09-18T11:37:02.2624055Z   pythonLocation: C:\hostedtoolcache\windows\Python\3.12.10\x64
native	Run python .github/workflows/check_toolchain_contract.py --metadata cargo-metadata.json	2026-09-18T11:37:02.2624397Z   PKG_CONFIG_PATH: C:\hostedtoolcache\windows\Python\3.12.10\x64/lib/pkgconfig
native	Run python .github/workflows/check_toolchain_contract.py --metadata cargo-metadata.json	2026-09-18T11:37:02.2624734Z   Python_ROOT_DIR: C:\hostedtoolcache\windows\Python\3.12.10\x64
native	Run python .github/workflows/check_toolchain_contract.py --metadata cargo-metadata.json	2026-09-18T11:37:02.2625035Z   Python2_ROOT_DIR: C:\hostedtoolcache\windows\Python\3.12.10\x64
native	Run python .github/workflows/check_toolchain_contract.py --metadata cargo-metadata.json	2026-09-18T11:37:02.2625337Z   Python3_ROOT_DIR: C:\hostedtoolcache\windows\Python\3.12.10\x64
native	Run python .github/workflows/check_toolchain_contract.py --metadata cargo-metadata.json	2026-09-18T11:37:02.2625612Z ##[endgroup]
native	Run python .github/workflows/check_toolchain_contract.py --metadata cargo-metadata.json	2026-09-18T11:37:03.1416337Z Toolchain contract passed: 31 members inherit Rust 1.98.1 and edition 2024 and resolved dependency requirements; negative fixtures passed.
native	Run cargo fmt --all --check	﻿2026-09-18T11:37:03.2622181Z ##[group]Run cargo fmt --all --check
native	Run cargo fmt --all --check	2026-09-18T11:37:03.2622542Z ^[[36;1mcargo fmt --all --check^[[0m
native	Run cargo fmt --all --check	2026-09-18T11:37:03.2679387Z shell: C:\Program Files\PowerShell\7\pwsh.EXE -command ". '{0}'"
native	Run cargo fmt --all --check	2026-09-18T11:37:03.2679825Z env:
native	Run cargo fmt --all --check	2026-09-18T11:37:03.2679995Z   CARGO_HOME: C:\Users\runneradmin\.cargo
native	Run cargo fmt --all --check	2026-09-18T11:37:03.2680223Z   CARGO_INCREMENTAL: 0
native	Run cargo fmt --all --check	2026-09-18T11:37:03.2680397Z   CARGO_TERM_COLOR: always
native	Run cargo fmt --all --check	2026-09-18T11:37:03.2680640Z   pythonLocation: C:\hostedtoolcache\windows\Python\3.12.10\x64
native	Run cargo fmt --all --check	2026-09-18T11:37:03.2681006Z   PKG_CONFIG_PATH: C:\hostedtoolcache\windows\Python\3.12.10\x64/lib/pkgconfig
native	Run cargo fmt --all --check	2026-09-18T11:37:03.2681362Z   Python_ROOT_DIR: C:\hostedtoolcache\windows\Python\3.12.10\x64
native	Run cargo fmt --all --check	2026-09-18T11:37:03.2681684Z   Python2_ROOT_DIR: C:\hostedtoolcache\windows\Python\3.12.10\x64
native	Run cargo fmt --all --check	2026-09-18T11:37:03.2681998Z   Python3_ROOT_DIR: C:\hostedtoolcache\windows\Python\3.12.10\x64
native	Run cargo fmt --all --check	2026-09-18T11:37:03.2682253Z ##[endgroup]
native	Complete Clippy census and exact debt ratchet	﻿2026-09-18T11:37:07.0629899Z ##[group]Run New-Item -ItemType Directory -Force target | Out-Null
native	Complete Clippy census and exact debt ratchet	2026-09-18T11:37:07.0630536Z ^[[36;1mNew-Item -ItemType Directory -Force target | Out-Null^[[0m
native	Complete Clippy census and exact debt ratchet	2026-09-18T11:37:07.0631572Z ^[[36;1mcargo clippy --workspace --all-targets --locked --message-format=json 1> target/clippy-census.jsonl 2> target/clippy-census.stderr.log^[[0m
native	Complete Clippy census and exact debt ratchet	2026-09-18T11:37:07.0632540Z ^[[36;1m$clippyExit = $LASTEXITCODE^[[0m
native	Complete Clippy census and exact debt ratchet	2026-09-18T11:37:07.0632839Z ^[[36;1mif ($clippyExit -ne 0) {^[[0m
native	Complete Clippy census and exact debt ratchet	2026-09-18T11:37:07.0633506Z ^[[36;1m  "Clippy census process failed with exit $clippyExit; ratchet not evaluated." | Set-Content target/clippy-ratchet.log^[[0m
native	Complete Clippy census and exact debt ratchet	2026-09-18T11:37:07.0634222Z ^[[36;1m  exit $clippyExit^[[0m
native	Complete Clippy census and exact debt ratchet	2026-09-18T11:37:07.0634495Z ^[[36;1m}^[[0m
native	Complete Clippy census and exact debt ratchet	2026-09-18T11:37:07.0647428Z ^[[36;1m$rustcDetails = rustc -vV^[[0m
native	Complete Clippy census and exact debt ratchet	2026-09-18T11:37:07.0647857Z ^[[36;1m$hostTarget = (($rustcDetails | Where-Object { $_ -like 'host: *' }) -replace '^host: ', '').Trim()^[[0m
native	Complete Clippy census and exact debt ratchet	2026-09-18T11:37:07.0648366Z ^[[36;1m$toolchain = (($rustcDetails | Where-Object { $_ -like 'release: *' }) -replace '^release: ', '').Trim()^[[0m
native	Complete Clippy census and exact debt ratchet	2026-09-18T11:37:07.0648887Z ^[[36;1mif (!$hostTarget -or !$toolchain) { throw 'rustc did not report host target and release' }^[[0m
native	Complete Clippy census and exact debt ratchet	2026-09-18T11:37:07.0650016Z ^[[36;1mpython .github/workflows/check_clippy_ratchet.py check --diagnostics target/clippy-census.jsonl --baseline .github/workflows/clippy-baseline.json --source-root . --platform 'Windows' --target $hostTarget --toolchain $toolchain --exclude-source-path cargo-metadata.json 2>&1 | Tee-Object -FilePath target/clippy-ratchet.log^[[0m
native	Complete Clippy census and exact debt ratchet	2026-09-18T11:37:07.0651267Z ^[[36;1mexit $LASTEXITCODE^[[0m
native	Complete Clippy census and exact debt ratchet	2026-09-18T11:37:07.0706031Z shell: C:\Program Files\PowerShell\7\pwsh.EXE -command ". '{0}'"
native	Complete Clippy census and exact debt ratchet	2026-09-18T11:37:07.0706309Z env:
native	Complete Clippy census and exact debt ratchet	2026-09-18T11:37:07.0706471Z   CARGO_HOME: C:\Users\runneradmin\.cargo
native	Complete Clippy census and exact debt ratchet	2026-09-18T11:37:07.0706684Z   CARGO_INCREMENTAL: 0
native	Complete Clippy census and exact debt ratchet	2026-09-18T11:37:07.0706849Z   CARGO_TERM_COLOR: always
native	Complete Clippy census and exact debt ratchet	2026-09-18T11:37:07.0707085Z   pythonLocation: C:\hostedtoolcache\windows\Python\3.12.10\x64
native	Complete Clippy census and exact debt ratchet	2026-09-18T11:37:07.0707447Z   PKG_CONFIG_PATH: C:\hostedtoolcache\windows\Python\3.12.10\x64/lib/pkgconfig
native	Complete Clippy census and exact debt ratchet	2026-09-18T11:37:07.0707791Z   Python_ROOT_DIR: C:\hostedtoolcache\windows\Python\3.12.10\x64
native	Complete Clippy census and exact debt ratchet	2026-09-18T11:37:07.0708107Z   Python2_ROOT_DIR: C:\hostedtoolcache\windows\Python\3.12.10\x64
native	Complete Clippy census and exact debt ratchet	2026-09-18T11:37:07.0708419Z   Python3_ROOT_DIR: C:\hostedtoolcache\windows\Python\3.12.10\x64
native	Complete Clippy census and exact debt ratchet	2026-09-18T11:37:07.0708658Z ##[endgroup]
native	Complete Clippy census and exact debt ratchet	2026-09-18T11:39:18.4787812Z clippy-ratchet: 755 reviewed occurrence(s); no new or stale debt; source=88a0618d0a2c7b568769f49116df0ad12bb70fb53dfea4e370dcfae93ac66285
native	Retain Clippy census and ratchet result	﻿2026-09-18T11:39:18.5196401Z Node 20 is being deprecated. This workflow is running with Node 24 by default. If you need to temporarily use Node 20, you can set the ACTIONS_ALLOW_USE_UNSECURE_NODE_VERSION=true environment variable. For more information see: https://github.blog/changelog/2025-09-19-deprecation-of-node-20-on-github-actions-runners/
native	Retain Clippy census and ratchet result	2026-09-18T11:39:18.5197568Z ##[group]Run actions/upload-artifact@v4
native	Retain Clippy census and ratchet result	2026-09-18T11:39:18.5197808Z with:
native	Retain Clippy census and ratchet result	2026-09-18T11:39:18.5197969Z   name: clippy-ratchet-Windows
native	Retain Clippy census and ratchet result	2026-09-18T11:39:18.5198440Z   path: target/clippy-census.jsonl
native	Retain Clippy census and ratchet result	target/clippy-census.stderr.log
native	Retain Clippy census and ratchet result	target/clippy-ratchet.log
native	Retain Clippy census and ratchet result	
native	Retain Clippy census and ratchet result	2026-09-18T11:39:18.5198825Z   if-no-files-found: warn
native	Retain Clippy census and ratchet result	2026-09-18T11:39:18.5199010Z   compression-level: 6
native	Retain Clippy census and ratchet result	2026-09-18T11:39:18.5199171Z   overwrite: false
native	Retain Clippy census and ratchet result	2026-09-18T11:39:18.5199330Z   include-hidden-files: false
native	Retain Clippy census and ratchet result	2026-09-18T11:39:18.5199503Z env:
native	Retain Clippy census and ratchet result	2026-09-18T11:39:18.5199658Z   CARGO_HOME: C:\Users\runneradmin\.cargo
native	Retain Clippy census and ratchet result	2026-09-18T11:39:18.5199862Z   CARGO_INCREMENTAL: 0
native	Retain Clippy census and ratchet result	2026-09-18T11:39:18.5200029Z   CARGO_TERM_COLOR: always
native	Retain Clippy census and ratchet result	2026-09-18T11:39:18.5200298Z   pythonLocation: C:\hostedtoolcache\windows\Python\3.12.10\x64
native	Retain Clippy census and ratchet result	2026-09-18T11:39:18.5200643Z   PKG_CONFIG_PATH: C:\hostedtoolcache\windows\Python\3.12.10\x64/lib/pkgconfig
native	Retain Clippy census and ratchet result	2026-09-18T11:39:18.5200991Z   Python_ROOT_DIR: C:\hostedtoolcache\windows\Python\3.12.10\x64
native	Retain Clippy census and ratchet result	2026-09-18T11:39:18.5201297Z   Python2_ROOT_DIR: C:\hostedtoolcache\windows\Python\3.12.10\x64
native	Retain Clippy census and ratchet result	2026-09-18T11:39:18.5201596Z   Python3_ROOT_DIR: C:\hostedtoolcache\windows\Python\3.12.10\x64
native	Retain Clippy census and ratchet result	2026-09-18T11:39:18.5201834Z ##[endgroup]
native	Retain Clippy census and ratchet result	2026-09-18T11:39:18.6795223Z (node:904) [DEP0040] DeprecationWarning: The `punycode` module is deprecated. Please use a userland alternative instead.
native	Retain Clippy census and ratchet result	2026-09-18T11:39:18.6796168Z (Use `node --trace-deprecation ...` to show where the warning was created)
native	Retain Clippy census and ratchet result	2026-09-18T11:39:18.6850881Z Multiple search paths detected. Calculating the least common ancestor of all paths
native	Retain Clippy census and ratchet result	2026-09-18T11:39:18.6853631Z The least common ancestor is D:\a\BareLine\BareLine\target. This will be the root directory of the artifact
native	Retain Clippy census and ratchet result	2026-09-18T11:39:18.6854297Z With the provided path, there will be 3 files uploaded
native	Retain Clippy census and ratchet result	2026-09-18T11:39:18.6858180Z Artifact name is valid!
native	Retain Clippy census and ratchet result	2026-09-18T11:39:18.6859440Z Root directory input is valid!
native	Retain Clippy census and ratchet result	2026-09-18T11:39:19.0469297Z Beginning upload of artifact content to blob storage
native	Retain Clippy census and ratchet result	2026-09-18T11:39:19.1016167Z (node:904) [DEP0169] DeprecationWarning: `url.parse()` behavior is not standardized and prone to errors that have security implications. Use the WHATWG URL API instead. CVEs are not issued for `url.parse()` vulnerabilities.
native	Retain Clippy census and ratchet result	2026-09-18T11:39:19.4853675Z Uploaded bytes 300729
native	Retain Clippy census and ratchet result	2026-09-18T11:39:19.5415656Z Finished uploading artifact content to blob storage!
native	Retain Clippy census and ratchet result	2026-09-18T11:39:19.5416551Z SHA256 digest of uploaded artifact zip is aca2630baddd84897d82984a9da7b12db59c3b1221a9d4da34d4284473853aaa
native	Retain Clippy census and ratchet result	2026-09-18T11:39:19.5418680Z Finalizing artifact upload
native	Retain Clippy census and ratchet result	2026-09-18T11:39:19.7788116Z Artifact clippy-ratchet-Windows.zip successfully finalized. Artifact ID 10544577842
native	Retain Clippy census and ratchet result	2026-09-18T11:39:19.7789023Z Artifact clippy-ratchet-Windows has been successfully uploaded! Final size is 300729 bytes. Artifact ID is 10544577842
native	Retain Clippy census and ratchet result	2026-09-18T11:39:19.7798044Z Artifact download URL: https://github.com/TheWoovee/BareLine/actions/runs/35340423863/artifacts/10544577842
native	Run cargo test --workspace --locked	﻿2026-09-18T11:39:19.8037249Z ##[group]Run cargo test --workspace --locked
native	Run cargo test --workspace --locked	2026-09-18T11:39:19.8037640Z ^[[36;1mcargo test --workspace --locked^[[0m
native	Run cargo test --workspace --locked	2026-09-18T11:39:19.8095162Z shell: C:\Program Files\PowerShell\7\pwsh.EXE -command ". '{0}'"
native	Run cargo test --workspace --locked	2026-09-18T11:39:19.8095456Z env:
native	Run cargo test --workspace --locked	2026-09-18T11:39:19.8095626Z   CARGO_HOME: C:\Users\runneradmin\.cargo
native	Run cargo test --workspace --locked	2026-09-18T11:39:19.8095861Z   CARGO_INCREMENTAL: 0
native	Run cargo test --workspace --locked	2026-09-18T11:39:19.8096044Z   CARGO_TERM_COLOR: always
native	Run cargo test --workspace --locked	2026-09-18T11:39:19.8096293Z   pythonLocation: C:\hostedtoolcache\windows\Python\3.12.10\x64
native	Run cargo test --workspace --locked	2026-09-18T11:39:19.8096660Z   PKG_CONFIG_PATH: C:\hostedtoolcache\windows\Python\3.12.10\x64/lib/pkgconfig
native	Run cargo test --workspace --locked	2026-09-18T11:39:19.8097016Z   Python_ROOT_DIR: C:\hostedtoolcache\windows\Python\3.12.10\x64
native	Run cargo test --workspace --locked	2026-09-18T11:39:19.8097348Z   Python2_ROOT_DIR: C:\hostedtoolcache\windows\Python\3.12.10\x64
native	Run cargo test --workspace --locked	2026-09-18T11:39:19.8097653Z   Python3_ROOT_DIR: C:\hostedtoolcache\windows\Python\3.12.10\x64
native	Run cargo test --workspace --locked	2026-09-18T11:39:19.8097902Z ##[endgroup]
native	Run cargo test --workspace --locked	2026-09-18T11:39:20.5750452Z ^[[1m^[[92m   Compiling^[[0m serde_core v1.0.229
native	Run cargo test --workspace --locked	2026-09-18T11:39:20.5751016Z ^[[1m^[[92m   Compiling^[[0m foldhash v0.2.0
native	Run cargo test --workspace --locked	2026-09-18T11:39:20.5752017Z ^[[1m^[[92m   Compiling^[[0m cfg-if v1.0.4
native	Run cargo test --workspace --locked	2026-09-18T11:39:20.5755157Z ^[[1m^[[92m   Compiling^[[0m equivalent v1.0.2
native	Run cargo test --workspace --locked	2026-09-18T11:39:20.6258693Z ^[[1m^[[92m   Compiling^[[0m typenum v1.20.1
native	Run cargo test --workspace --locked	2026-09-18T11:39:20.6351766Z ^[[1m^[[92m   Compiling^[[0m subtle v2.6.1
native	Run cargo test --workspace --locked	2026-09-18T11:39:20.7462630Z ^[[1m^[[92m   Compiling^[[0m cpufeatures v0.2.17
native	Run cargo test --workspace --locked	2026-09-18T11:39:20.7751269Z ^[[1m^[[92m   Compiling^[[0m stable_deref_trait v1.2.1
native	Run cargo test --workspace --locked	2026-09-18T11:39:20.8144538Z ^[[1m^[[92m   Compiling^[[0m memchr v2.8.3
native	Run cargo test --workspace --locked	2026-09-18T11:39:20.8306757Z ^[[1m^[[92m   Compiling^[[0m log v0.4.34
native	Run cargo test --workspace --locked	2026-09-18T11:39:21.0942382Z ^[[1m^[[92m   Compiling^[[0m zmij v1.0.23
native	Run cargo test --workspace --locked	2026-09-18T11:39:21.4782050Z ^[[1m^[[92m   Compiling^[[0m itoa v1.0.18
native	Run cargo test --workspace --locked	2026-09-18T11:39:21.6802154Z ^[[1m^[[92m   Compiling^[[0m generic-array v0.14.7
native	Run cargo test --workspace --locked	2026-09-18T11:39:21.6803712Z ^[[1m^[[92m   Compiling^[[0m winnow v0.7.15
native	Run cargo test --workspace --locked	2026-09-18T11:39:21.9004438Z ^[[1m^[[92m   Compiling^[[0m toml_write v0.1.2
native	Run cargo test --workspace --locked	2026-09-18T11:39:22.1006525Z ^[[1m^[[92m   Compiling^[[0m scopeguard v1.2.0
native	Run cargo test --workspace --locked	2026-09-18T11:39:22.1959030Z ^[[1m^[[92m   Compiling^[[0m allocator-api2 v0.2.21
native	Run cargo test --workspace --locked	2026-09-18T11:39:22.3737932Z ^[[1m^[[92m   Compiling^[[0m crypto-common v0.1.7
native	Run cargo test --workspace --locked	2026-09-18T11:39:22.4733440Z ^[[1m^[[92m   Compiling^[[0m block-buffer v0.10.4
native	Run cargo test --workspace --locked	2026-09-18T11:39:22.6089311Z ^[[1m^[[92m   Compiling^[[0m digest v0.10.7
native	Run cargo test --workspace --locked	2026-09-18T11:39:22.6292488Z ^[[1m^[[92m   Compiling^[[0m bumpalo v3.20.3
native	Run cargo test --workspace --locked	2026-09-18T11:39:22.8466577Z ^[[1m^[[92m   Compiling^[[0m sha2 v0.10.9
native	Run cargo test --workspace --locked	2026-09-18T11:39:22.9531520Z ^[[1m^[[92m   Compiling^[[0m lock_api v0.4.14
native	Run cargo test --workspace --locked	2026-09-18T11:39:23.2004278Z ^[[1m^[[92m   Compiling^[[0m thiserror v2.0.20
native	Run cargo test --workspace --locked	2026-09-18T11:39:23.2875307Z ^[[1m^[[92m   Compiling^[[0m byteorder v1.5.0
native	Run cargo test --workspace --locked	2026-09-18T11:39:23.3759931Z ^[[1m^[[92m   Compiling^[[0m serde v1.0.229
native	Run cargo test --workspace --locked	2026-09-18T11:39:23.4636920Z ^[[1m^[[92m   Compiling^[[0m hashbrown v0.17.1
native	Run cargo test --workspace --locked	2026-09-18T11:39:23.5780325Z ^[[1m^[[92m   Compiling^[[0m hash32 v0.2.1
native	Run cargo test --workspace --locked	2026-09-18T11:39:23.7558674Z ^[[1m^[[92m   Compiling^[[0m serde_json v1.0.150
native	Run cargo test --workspace --locked	2026-09-18T11:39:24.1135938Z ^[[1m^[[92m   Compiling^[[0m toml_datetime v0.6.11
native	Run cargo test --workspace --locked	2026-09-18T11:39:24.1279150Z ^[[1m^[[92m   Compiling^[[0m serde_spanned v0.6.9
native	Run cargo test --workspace --locked	2026-09-18T11:39:24.2375781Z ^[[1m^[[92m   Compiling^[[0m indexmap v2.14.2
native	Run cargo test --workspace --locked	2026-09-18T11:39:24.2481179Z ^[[1m^[[92m   Compiling^[[0m spin v0.9.9
native	Run cargo test --workspace --locked	2026-09-18T11:39:24.4519495Z ^[[1m^[[92m   Compiling^[[0m heapless v0.7.17
native	Run cargo test --workspace --locked	2026-09-18T11:39:24.4568736Z ^[[1m^[[92m   Compiling^[[0m crc32fast v1.5.1
native	Run cargo test --workspace --locked	2026-09-18T11:39:24.7127000Z ^[[1m^[[92m   Compiling^[[0m cobs v0.3.0
native	Run cargo test --workspace --locked	2026-09-18T11:39:24.9144006Z ^[[1m^[[92m   Compiling^[[0m bareline-platform v0.1.0 (D:\a\BareLine\BareLine\crates\platform)
native	Run cargo test --workspace --locked	2026-09-18T11:39:25.0944319Z ^[[1m^[[92m   Compiling^[[0m toml_edit v0.22.27
native	Run cargo test --workspace --locked	2026-09-18T11:39:25.1361379Z ^[[1m^[[92m   Compiling^[[0m postcard v1.1.3
native	Run cargo test --workspace --locked	2026-09-18T11:39:25.5620718Z ^[[1m^[[92m   Compiling^[[0m simd-adler32 v0.3.10
native	Run cargo test --workspace --locked	2026-09-18T11:39:25.6504677Z ^[[1m^[[92m   Compiling^[[0m adler2 v2.0.1
native	Run cargo test --workspace --locked	2026-09-18T11:39:25.7629280Z ^[[1m^[[92m   Compiling^[[0m windows-link v0.2.1
native	Run cargo test --workspace --locked	2026-09-18T11:39:25.8107975Z ^[[1m^[[92m   Compiling^[[0m miniz_oxide v0.9.1
native	Run cargo test --workspace --locked	2026-09-18T11:39:25.8835980Z ^[[1m^[[92m   Compiling^[[0m zopfli v0.8.3
native	Run cargo test --workspace --locked	2026-09-18T11:39:26.4103425Z ^[[1m^[[92m   Compiling^[[0m flate2 v1.1.10
native	Run cargo test --workspace --locked	2026-09-18T11:39:26.9409314Z ^[[1m^[[92m   Compiling^[[0m minisign-verify v0.2.4
native	Run cargo test --workspace --locked	2026-09-18T11:39:26.9919757Z ^[[1m^[[92m   Compiling^[[0m zip v2.4.2
native	Run cargo test --workspace --locked	2026-09-18T11:39:27.0966340Z ^[[1m^[[92m   Compiling^[[0m getrandom v0.4.3
native	Run cargo test --workspace --locked	2026-09-18T11:39:27.2467869Z ^[[1m^[[92m   Compiling^[[0m jobserver v0.1.35
native	Run cargo test --workspace --locked	2026-09-18T11:39:27.5793070Z ^[[1m^[[92m   Compiling^[[0m cc v1.4.5
native	Run cargo test --workspace --locked	2026-09-18T11:39:28.3057015Z ^[[1m^[[92m   Compiling^[[0m bareline-extensions-protocol v0.1.0 (D:\a\BareLine\BareLine\crates\extensions-protocol)
native	Run cargo test --workspace --locked	2026-09-18T11:39:28.9567303Z ^[[1m^[[92m   Compiling^[[0m unicode-segmentation v1.13.3
native	Run cargo test --workspace --locked	2026-09-18T11:39:29.5587169Z ^[[1m^[[92m   Compiling^[[0m bareline-renderer v0.1.0 (D:\a\BareLine\BareLine\crates\renderer)
native	Run cargo test --workspace --locked	2026-09-18T11:39:29.8263952Z ^[[1m^[[92m   Compiling^[[0m bareline-commands v0.1.0 (D:\a\BareLine\BareLine\crates\commands)
native	Run cargo test --workspace --locked	2026-09-18T11:39:29.8272452Z ^[[1m^[[92m   Compiling^[[0m bareline-unicode-fold v0.1.0 (D:\a\BareLine\BareLine\crates\unicode-fold)
native	Run cargo test --workspace --locked	2026-09-18T11:39:30.1323399Z ^[[1m^[[92m   Compiling^[[0m encoding_rs v0.8.35
native	Run cargo test --workspace --locked	2026-09-18T11:39:31.4943260Z ^[[1m^[[92m   Compiling^[[0m libc v0.2.189
native	Run cargo test --workspace --locked	2026-09-18T11:39:31.6171569Z ^[[1m^[[92m   Compiling^[[0m bitflags v2.13.1
native	Run cargo test --workspace --locked	2026-09-18T11:39:31.8916142Z ^[[1m^[[92m   Compiling^[[0m libm v0.2.16
native	Run cargo test --workspace --locked	2026-09-18T11:39:32.0896419Z ^[[1m^[[92m   Compiling^[[0m base64 v0.22.1
native	Run cargo test --workspace --locked	2026-09-18T11:39:32.5672984Z ^[[1m^[[92m   Compiling^[[0m quick-xml v0.41.0
native	Run cargo test --workspace --locked	2026-09-18T11:39:32.7062665Z ^[[1m^[[92m   Compiling^[[0m windows_x86_64_msvc v0.52.6
native	Run cargo test --workspace --locked	2026-09-18T11:39:32.7534114Z ^[[1m^[[92m   Compiling^[[0m windows-sys v0.61.2
native	Run cargo test --workspace --locked	2026-09-18T11:39:33.1372598Z ^[[1m^[[92m   Compiling^[[0m bareline-document v0.1.0 (D:\a\BareLine\BareLine\crates\document)
native	Run cargo test --workspace --locked	2026-09-18T11:39:33.8988907Z ^[[1m^[[92m   Compiling^[[0m windows-targets v0.52.6
native	Run cargo test --workspace --locked	2026-09-18T11:39:33.9447135Z ^[[1m^[[92m   Compiling^[[0m anyhow v1.0.104
native	Run cargo test --workspace --locked	2026-09-18T11:39:34.3176431Z ^[[1m^[[92m   Compiling^[[0m windows-strings v0.5.1
native	Run cargo test --workspace --locked	2026-09-18T11:39:34.5138482Z ^[[1m^[[92m   Compiling^[[0m windows-result v0.4.1
native	Run cargo test --workspace --locked	2026-09-18T11:39:34.7560127Z ^[[1m^[[92m   Compiling^[[0m lexopt v0.3.1
native	Run cargo test --workspace --locked	2026-09-18T11:39:34.8365089Z ^[[1m^[[92m   Compiling^[[0m windows-core v0.62.2
native	Run cargo test --workspace --locked	2026-09-18T11:39:35.2215180Z ^[[1m^[[92m   Compiling^[[0m leb128fmt v0.1.0
native	Run cargo test --workspace --locked	2026-09-18T11:39:35.4070530Z ^[[1m^[[92m   Compiling^[[0m bareline-distribution v0.1.0 (D:\a\BareLine\BareLine\crates\distribution)
native	Run cargo test --workspace --locked	2026-09-18T11:39:35.5031487Z ^[[1m^[[92m   Compiling^[[0m wasmtime-internal-core v48.0.1
native	Run cargo test --workspace --locked	2026-09-18T11:39:36.4882288Z ^[[1m^[[92m   Compiling^[[0m bareline-macros v0.1.0 (D:\a\BareLine\BareLine\crates\macros)
native	Run cargo test --workspace --locked	2026-09-18T11:39:36.6988050Z ^[[1m^[[92m   Compiling^[[0m smallvec v1.16.0
native	Run cargo test --workspace --locked	2026-09-18T11:39:36.9437768Z ^[[1m^[[92m   Compiling^[[0m pin-project-lite v0.2.17
native	Run cargo test --workspace --locked	2026-09-18T11:39:37.0464715Z ^[[1m^[[92m   Compiling^[[0m zerofrom v0.1.8
native	Run cargo test --workspace --locked	2026-09-18T11:39:37.1575249Z ^[[1m^[[92m   Compiling^[[0m bareline-ui v0.1.0 (D:\a\BareLine\BareLine\crates\ui)
native	Run cargo test --workspace --locked	2026-09-18T11:39:37.7296129Z ^[[1m^[[92m   Compiling^[[0m windows-threading v0.2.1
native	Run cargo test --workspace --locked	2026-09-18T11:39:37.9739947Z ^[[1m^[[92m   Compiling^[[0m uuid v1.26.0
native	Run cargo test --workspace --locked	2026-09-18T11:39:38.0236780Z ^[[1m^[[92m   Compiling^[[0m once_cell v1.21.4
native	Run cargo test --workspace --locked	2026-09-18T11:39:38.2065085Z ^[[1m^[[92m   Compiling^[[0m pcre2-sys v0.2.10
native	Run cargo test --workspace --locked	2026-09-18T11:39:38.2790796Z ^[[1m^[[92m   Compiling^[[0m accesskit v0.25.0
native	Run cargo test --workspace --locked	2026-09-18T11:39:38.4254766Z ^[[1m^[[92m   Compiling^[[0m windows-future v0.3.2
native	Run cargo test --workspace --locked	2026-09-18T11:39:38.5080988Z ^[[1m^[[92m   Compiling^[[0m yoke v0.8.3
native	Run cargo test --workspace --locked	2026-09-18T11:39:38.8773971Z ^[[1m^[[92m   Compiling^[[0m cranelift-bitset v0.135.1
native	Run cargo test --workspace --locked	2026-09-18T11:39:39.1101560Z ^[[1m^[[92m   Compiling^[[0m windows-collections v0.3.2
native	Run cargo test --workspace --locked	2026-09-18T11:39:39.1288439Z ^[[1m^[[92m   Compiling^[[0m windows-numerics v0.3.1
native	Run cargo test --workspace --locked	2026-09-18T11:39:39.3289664Z ^[[1m^[[92m   Compiling^[[0m bareline-file-io v0.1.0 (D:\a\BareLine\BareLine\crates\file-io)
native	Run cargo test --workspace --locked	2026-09-18T11:39:39.4821016Z ^[[1m^[[92m   Compiling^[[0m accesskit_consumer v0.39.0
native	Run cargo test --workspace --locked	2026-09-18T11:39:39.6778770Z ^[[1m^[[92m   Compiling^[[0m windows v0.62.2
native	Run cargo test --workspace --locked	2026-09-18T11:39:41.1757007Z ^[[1m^[[92m   Compiling^[[0m tracing-core v0.1.36
native	Run cargo test --workspace --locked	2026-09-18T11:39:42.0659346Z ^[[1m^[[92m   Compiling^[[0m bareline-lexilla-bridge v0.1.0 (D:\a\BareLine\BareLine\native\lexilla-bridge)
native	Run cargo test --workspace --locked	2026-09-18T11:39:42.3271738Z ^[[1m^[[92m   Compiling^[[0m static_assertions v1.1.0
native	Run cargo test --workspace --locked	2026-09-18T11:39:42.3784405Z ^[[1m^[[92m   Compiling^[[0m bareline-search v0.1.0 (D:\a\BareLine\BareLine\crates\search)
native	Run cargo test --workspace --locked	2026-09-18T11:39:42.7717228Z ^[[1m^[[92m   Compiling^[[0m zerovec v0.11.8
native	Run cargo test --workspace --locked	2026-09-18T11:39:43.5701689Z ^[[1m^[[92m   Compiling^[[0m tracing v0.1.44
native	Run cargo test --workspace --locked	2026-09-18T11:39:45.5283688Z ^[[1m^[[92m   Compiling^[[0m pulley-interpreter v48.0.1
native	Run cargo test --workspace --locked	2026-09-18T11:39:47.8760057Z ^[[1m^[[92m   Compiling^[[0m cranelift-entity v0.135.1
native	Run cargo test --workspace --locked	2026-09-18T11:39:48.3160572Z ^[[1m^[[92m   Compiling^[[0m hashbrown v0.16.1
native	Run cargo test --workspace --locked	2026-09-18T11:39:48.9728875Z ^[[1m^[[92m   Compiling^[[0m cranelift-codegen-shared v0.135.1
native	Run cargo test --workspace --locked	2026-09-18T11:39:49.0699278Z ^[[1m^[[92m   Compiling^[[0m fnv v1.0.7
native	Run cargo test --workspace --locked	2026-09-18T11:39:49.1785180Z ^[[1m^[[92m   Compiling^[[0m gimli v0.33.0
native	Run cargo test --workspace --locked	2026-09-18T11:39:53.9473329Z ^[[1m^[[92m   Compiling^[[0m cranelift-codegen-meta v0.135.1
native	Run cargo test --workspace --locked	2026-09-18T11:39:54.9103161Z ^[[1m^[[92m   Compiling^[[0m cranelift-bforest v0.135.1
native	Run cargo test --workspace --locked	2026-09-18T11:39:55.2264692Z ^[[1m^[[92m   Compiling^[[0m target-lexicon v0.13.5
native	Run cargo test --workspace --locked	2026-09-18T11:39:56.6189690Z ^[[1m^[[92m   Compiling^[[0m wasmparser v0.254.0
native	Run cargo test --workspace --locked	2026-09-18T11:39:58.6415900Z ^[[1m^[[92m   Compiling^[[0m cranelift-codegen v0.135.1
native	Run cargo test --workspace --locked	2026-09-18T11:40:00.7305283Z ^[[1m^[[92m   Compiling^[[0m winapi-util v0.1.11
native	Run cargo test --workspace --locked	2026-09-18T11:40:01.0300633Z ^[[1m^[[92m   Compiling^[[0m bareline-renderer-recording v0.1.0 (D:\a\BareLine\BareLine\crates\renderer-recording)
native	Run cargo test --workspace --locked	2026-09-18T11:40:01.8459117Z ^[[1m^[[92m   Compiling^[[0m semver v1.0.28
native	Run cargo test --workspace --locked	2026-09-18T11:40:02.3320707Z ^[[1m^[[92m   Compiling^[[0m arbitrary v1.4.2
native	Run cargo test --workspace --locked	2026-09-18T11:40:03.6801486Z ^[[1m^[[92m   Compiling^[[0m rustc-hash v2.1.3
native	Run cargo test --workspace --locked	2026-09-18T11:40:03.7766809Z ^[[1m^[[92m   Compiling^[[0m regalloc2 v0.15.2
native	Run cargo test --workspace --locked	2026-09-18T11:40:04.0058288Z ^[[1m^[[92m   Compiling^[[0m cranelift-control v0.135.1
native	Run cargo test --workspace --locked	2026-09-18T11:40:08.0195435Z ^[[1m^[[92m   Compiling^[[0m termcolor v1.4.1
native	Run cargo test --workspace --locked	2026-09-18T11:40:08.6133413Z ^[[1m^[[92m   Compiling^[[0m cranelift-assembler-x64 v0.135.1
native	Run cargo test --workspace --locked	2026-09-18T11:40:15.6165650Z ^[[1m^[[92m   Compiling^[[0m tinystr v0.8.4
native	Run cargo test --workspace --locked	2026-09-18T11:40:22.8401613Z ^[[1m^[[92m   Compiling^[[0m wasmtime-internal-component-util v48.0.1
native	Run cargo test --workspace --locked	2026-09-18T11:40:22.9230780Z ^[[1m^[[92m   Compiling^[[0m litemap v0.8.3
native	Run cargo test --workspace --locked	2026-09-18T11:40:23.1467615Z ^[[1m^[[92m   Compiling^[[0m writeable v0.6.4
native	Run cargo test --workspace --locked	2026-09-18T11:40:23.3608753Z ^[[1m^[[92m   Compiling^[[0m icu_locale_core v2.1.1
native	Run cargo test --workspace --locked	2026-09-18T11:40:25.2638378Z ^[[1m^[[92m   Compiling^[[0m wasmprinter v0.254.0
native	Run cargo test --workspace --locked	2026-09-18T11:40:28.0725860Z ^[[1m^[[92m   Compiling^[[0m wasm-encoder v0.254.0
native	Run cargo test --workspace --locked	2026-09-18T11:40:30.5171159Z ^[[1m^[[92m   Compiling^[[0m accesskit_windows v0.35.0 (D:\a\BareLine\BareLine\vendor\accesskit_windows-0.35.0)
native	Run cargo test --workspace --locked	2026-09-18T11:40:30.5764782Z ^[[1m^[[92m   Compiling^[[0m object v0.39.1
native	Run cargo test --workspace --locked	2026-09-18T11:40:33.1265920Z ^[[1m^[[92m   Compiling^[[0m bareline-platform-windows v0.1.0 (D:\a\BareLine\BareLine\crates\platform-windows)
native	Run cargo test --workspace --locked	2026-09-18T11:40:37.7241353Z ^[[1m^[[92m   Compiling^[[0m potential_utf v0.1.6
native	Run cargo test --workspace --locked	2026-09-18T11:40:37.8683640Z ^[[1m^[[92m   Compiling^[[0m zerotrie v0.2.5
native	Run cargo test --workspace --locked	2026-09-18T11:40:40.2084527Z ^[[1m^[[92m   Compiling^[[0m windows-sys v0.59.0
native	Run cargo test --workspace --locked	2026-09-18T11:40:42.5508559Z ^[[1m^[[92m   Compiling^[[0m wit-parser v0.254.0
native	Run cargo test --workspace --locked	2026-09-18T11:40:42.7568556Z ^[[1m^[[92m   Compiling^[[0m wasmtime-environ v48.0.1
native	Run cargo test --workspace --locked	2026-09-18T11:40:48.5693631Z ^[[1m^[[92m   Compiling^[[0m icu_provider v2.1.1
native	Run cargo test --workspace --locked	2026-09-18T11:40:48.9277192Z ^[[1m^[[92m   Compiling^[[0m icu_collections v2.1.1
native	Run cargo test --workspace --locked	2026-09-18T11:40:49.7839377Z ^[[1m^[[92m   Compiling^[[0m wasm-metadata v0.254.0
native	Run cargo test --workspace --locked	2026-09-18T11:40:49.7941799Z ^[[1m^[[92m   Compiling^[[0m bareline-syntax v0.1.0 (D:\a\BareLine\BareLine\crates\syntax)
native	Run cargo test --workspace --locked	2026-09-18T11:40:50.2082337Z ^[[1m^[[92m   Compiling^[[0m wit-component v0.254.0
native	Run cargo test --workspace --locked	2026-09-18T11:40:53.9054671Z ^[[1m^[[92m   Compiling^[[0m icu_normalizer_data v2.1.1
native	Run cargo test --workspace --locked	2026-09-18T11:40:53.9593492Z ^[[1m^[[92m   Compiling^[[0m io-lifetimes v3.0.1
native	Run cargo test --workspace --locked	2026-09-18T11:40:54.0617536Z ^[[1m^[[92m   Compiling^[[0m icu_properties_data v2.1.2
native	Run cargo test --workspace --locked	2026-09-18T11:40:54.1968495Z ^[[1m^[[92m   Compiling^[[0m io-lifetimes v2.0.4
native	Run cargo test --workspace --locked	2026-09-18T11:40:54.2927177Z ^[[1m^[[92m   Compiling^[[0m wasmtime-internal-fiber v48.0.1
native	Run cargo test --workspace --locked	2026-09-18T11:40:54.5768463Z ^[[1m^[[92m   Compiling^[[0m bareline-settings v0.1.0 (D:\a\BareLine\BareLine\crates\settings)
native	Run cargo test --workspace --locked	2026-09-18T11:40:56.2638129Z ^[[1m^[[92m   Compiling^[[0m bareline-extension-sdk v0.1.0 (D:\a\BareLine\BareLine\crates\extension-sdk)
native	Run cargo test --workspace --locked	2026-09-18T11:40:56.6806731Z ^[[1m^[[92m   Compiling^[[0m either v1.18.0
native	Run cargo test --workspace --locked	2026-09-18T11:40:56.7410610Z ^[[1m^[[92m   Compiling^[[0m futures-sink v0.3.34
native	Run cargo test --workspace --locked	2026-09-18T11:40:56.8047814Z ^[[1m^[[92m   Compiling^[[0m futures-core v0.3.34
native	Run cargo test --workspace --locked	2026-09-18T11:40:56.8968576Z ^[[1m^[[92m   Compiling^[[0m itertools v0.14.0
native	Run cargo test --workspace --locked	2026-09-18T11:40:57.2676743Z ^[[1m^[[92m   Compiling^[[0m wasmtime-internal-unwinder v48.0.1
native	Run cargo test --workspace --locked	2026-09-18T11:40:57.6614292Z ^[[1m^[[92m   Compiling^[[0m fs-set-times v0.20.3
native	Run cargo test --workspace --locked	2026-09-18T11:40:57.8414605Z ^[[1m^[[92m   Compiling^[[0m icu_properties v2.1.2
native	Run cargo test --workspace --locked	2026-09-18T11:40:58.6366681Z ^[[1m^[[92m   Compiling^[[0m io-extras v0.19.0
native	Run cargo test --workspace --locked	2026-09-18T11:40:59.0179131Z ^[[1m^[[92m   Compiling^[[0m icu_normalizer v2.1.1
native	Run cargo test --workspace --locked	2026-09-18T11:40:59.7428741Z ^[[1m^[[92m   Compiling^[[0m wasmtime-internal-wit-bindgen v48.0.1
native	Run cargo test --workspace --locked	2026-09-18T11:40:59.9718742Z ^[[1m^[[92m   Compiling^[[0m cranelift-native v0.135.1
native	Run cargo test --workspace --locked	2026-09-18T11:41:00.1446535Z ^[[1m^[[92m   Compiling^[[0m cranelift-frontend v0.135.1
native	Run cargo test --workspace --locked	2026-09-18T11:41:01.6566703Z ^[[1m^[[92m   Compiling^[[0m winx v0.36.4
native	Run cargo test --workspace --locked	2026-09-18T11:41:01.8850233Z ^[[1m^[[92m   Compiling^[[0m wasmtime v48.0.1
native	Run cargo test --workspace --locked	2026-09-18T11:41:02.4030365Z ^[[1m^[[92m   Compiling^[[0m ambient-authority v0.0.2
native	Run cargo test --workspace --locked	2026-09-18T11:41:02.4205878Z ^[[1m^[[92m   Compiling^[[0m maybe-owned v0.3.4
native	Run cargo test --workspace --locked	2026-09-18T11:41:02.4578164Z ^[[1m^[[92m   Compiling^[[0m futures-task v0.3.34
native	Run cargo test --workspace --locked	2026-09-18T11:41:02.5599271Z ^[[1m^[[92m   Compiling^[[0m ipnet v2.12.2
native	Run cargo test --workspace --locked	2026-09-18T11:41:02.6130675Z ^[[1m^[[92m   Compiling^[[0m rand_core v0.10.1
native	Run cargo test --workspace --locked	2026-09-18T11:41:02.7475249Z ^[[1m^[[92m   Compiling^[[0m futures-util v0.3.34
native	Run cargo test --workspace --locked	2026-09-18T11:41:03.3085900Z ^[[1m^[[92m   Compiling^[[0m cap-primitives v4.0.3
native	Run cargo test --workspace --locked	2026-09-18T11:41:04.2751218Z ^[[1m^[[92m   Compiling^[[0m wasmtime-internal-component-macro v48.0.1
native	Run cargo test --workspace --locked	2026-09-18T11:41:04.5924465Z ^[[1m^[[92m   Compiling^[[0m wasmtime-internal-cranelift v48.0.1
native	Run cargo test --workspace --locked	2026-09-18T11:41:04.8726556Z ^[[1m^[[92m   Compiling^[[0m idna_adapter v1.2.1
native	Run cargo test --workspace --locked	2026-09-18T11:41:05.1900315Z ^[[1m^[[92m   Compiling^[[0m futures-channel v0.3.34
native	Run cargo test --workspace --locked	2026-09-18T11:41:05.2353252Z ^[[1m^[[92m   Compiling^[[0m bareline-editor-surface v0.1.0 (D:\a\BareLine\BareLine\crates\editor-surface)
native	Run cargo test --workspace --locked	2026-09-18T11:41:07.2448991Z ^[[1m^[[92m   Compiling^[[0m wasmtime-internal-jit-icache-coherence v48.0.1
native	Run cargo test --workspace --locked	2026-09-18T11:41:07.3505175Z ^[[1m^[[92m   Compiling^[[0m cpufeatures v0.3.1
native	Run cargo test --workspace --locked	2026-09-18T11:41:07.3997907Z ^[[1m^[[92m   Compiling^[[0m futures-io v0.3.34
native	Run cargo test --workspace --locked	2026-09-18T11:41:07.4458064Z ^[[1m^[[92m   Compiling^[[0m utf8_iter v1.0.4
native	Run cargo test --workspace --locked	2026-09-18T11:41:07.5778257Z ^[[1m^[[92m   Compiling^[[0m bytes v1.12.1
native	Run cargo test --workspace --locked	2026-09-18T11:41:08.4762989Z ^[[1m^[[92m   Compiling^[[0m percent-encoding v2.3.2
native	Run cargo test --workspace --locked	2026-09-18T11:41:18.7652338Z ^[[1m^[[92m   Compiling^[[0m form_urlencoded v1.2.2
native	Run cargo test --workspace --locked	2026-09-18T11:41:18.9589730Z ^[[1m^[[92m   Compiling^[[0m idna v1.1.0
native	Run cargo test --workspace --locked	2026-09-18T11:41:20.2545017Z ^[[1m^[[92m   Compiling^[[0m futures v0.3.34
native	Run cargo test --workspace --locked	2026-09-18T11:41:20.3067815Z ^[[1m^[[92m   Compiling^[[0m chacha20 v0.10.2
native	Run cargo test --workspace --locked	2026-09-18T11:41:20.5865198Z ^[[1m^[[92m   Compiling^[[0m cap-std v4.0.3
native	Run cargo test --workspace --locked	2026-09-18T11:41:20.8869272Z ^[[1m^[[92m   Compiling^[[0m bareline-first-party-common v0.1.0 (D:\a\BareLine\BareLine\extensions\common)
native	Run cargo test --workspace --locked	2026-09-18T11:41:20.9867105Z ^[[1m^[[92m   Compiling^[[0m mio v1.2.3
native	Run cargo test --workspace --locked	2026-09-18T11:41:21.2172662Z ^[[1m^[[92m   Compiling^[[0m socket2 v0.6.5
native	Run cargo test --workspace --locked	2026-09-18T11:41:21.8999908Z ^[[1m^[[92m   Compiling^[[0m errno v0.3.14
native	Run cargo test --workspace --locked	2026-09-18T11:41:22.1093202Z ^[[1m^[[92m   Compiling^[[0m rustix v1.1.4
native	Run cargo test --workspace --locked	2026-09-18T11:41:22.3232832Z ^[[1m^[[92m   Compiling^[[0m tokio v1.53.1
native	Run cargo test --workspace --locked	2026-09-18T11:41:23.1411887Z ^[[1m^[[92m   Compiling^[[0m rand v0.10.2
native	Run cargo test --workspace --locked	2026-09-18T11:41:24.0276985Z ^[[1m^[[92m   Compiling^[[0m cap-fs-ext v4.0.3
native	Run cargo test --workspace --locked	2026-09-18T11:41:24.1418322Z ^[[1m^[[92m   Compiling^[[0m wasmtime-wasi-io v48.0.1
native	Run cargo test --workspace --locked	2026-09-18T11:41:25.5052564Z ^[[1m^[[92m   Compiling^[[0m url v2.5.8
native	Run cargo test --workspace --locked	2026-09-18T11:41:26.7839096Z ^[[1m^[[92m   Compiling^[[0m bareline-diff v0.1.0 (D:\a\BareLine\BareLine\crates\diff)
native	Run cargo test --workspace --locked	2026-09-18T11:41:27.9660549Z ^[[1m^[[92m   Compiling^[[0m windows-sys v0.52.0
native	Run cargo test --workspace --locked	2026-09-18T11:41:30.8307630Z ^[[1m^[[92m   Compiling^[[0m bareline-extension-host v0.1.0 (D:\a\BareLine\BareLine\apps\extension-host)
native	Run cargo test --workspace --locked	2026-09-18T11:41:31.3216687Z ^[[1m^[[92m   Compiling^[[0m raw-window-handle v0.6.2
native	Run cargo test --workspace --locked	2026-09-18T11:41:31.5998327Z ^[[1m^[[92m   Compiling^[[0m dpi v0.1.2
native	Run cargo test --workspace --locked	2026-09-18T11:41:31.7726772Z ^[[1m^[[92m   Compiling^[[0m smol_str v0.2.2
native	Run cargo test --workspace --locked	2026-09-18T11:41:32.0377952Z ^[[1m^[[92m   Compiling^[[0m cursor-icon v1.2.0
native	Run cargo test --workspace --locked	2026-09-18T11:41:32.1742475Z ^[[1m^[[92m   Compiling^[[0m wasmtime-wasi v48.0.1
native	Run cargo test --workspace --locked	2026-09-18T11:41:32.5444785Z ^[[1m^[[92m   Compiling^[[0m winit v0.30.13
native	Run cargo test --workspace --locked	2026-09-18T11:41:32.8946673Z ^[[1m^[[92m   Compiling^[[0m wasm-encoder v0.258.0
native	Run cargo test --workspace --locked	2026-09-18T11:41:34.8376320Z ^[[1m^[[92m   Compiling^[[0m md-5 v0.10.6
native	Run cargo test --workspace --locked	2026-09-18T11:41:34.9755738Z ^[[1m^[[92m   Compiling^[[0m sha1 v0.10.6
native	Run cargo test --workspace --locked	2026-09-18T11:41:35.2228493Z ^[[1m^[[92m   Compiling^[[0m unicode-width v0.2.2
native	Run cargo test --workspace --locked	2026-09-18T11:41:35.5101690Z ^[[1m^[[92m   Compiling^[[0m wast v258.0.0
native	Run cargo test --workspace --locked	2026-09-18T11:41:36.9107479Z ^[[1m^[[92m   Compiling^[[0m bareline-app v0.1.0 (D:\a\BareLine\BareLine\crates\app)
native	Run cargo test --workspace --locked	2026-09-18T11:41:37.0157897Z ^[[1m^[[92m   Compiling^[[0m zeroize v1.9.0
native	Run cargo test --workspace --locked	2026-09-18T11:41:37.2242262Z ^[[1m^[[92m   Compiling^[[0m signature v2.2.0
native	Run cargo test --workspace --locked	2026-09-18T11:41:37.3433939Z ^[[1m^[[92m   Compiling^[[0m ed25519 v2.2.3
native	Run cargo test --workspace --locked	2026-09-18T11:41:37.5412579Z ^[[1m^[[92m   Compiling^[[0m curve25519-dalek v4.1.3
native	Run cargo test --workspace --locked	2026-09-18T11:41:39.4683957Z ^[[1m^[[92m   Compiling^[[0m ed25519-dalek v2.2.0
native	Run cargo test --workspace --locked	2026-09-18T11:41:39.8206340Z ^[[1m^[[92m   Compiling^[[0m blake2 v0.10.6
native	Run cargo test --workspace --locked	2026-09-18T11:41:40.5697393Z ^[[1m^[[92m   Compiling^[[0m bareline v0.1.0 (D:\a\BareLine\BareLine\apps\bareline)
native	Run cargo test --workspace --locked	2026-09-18T11:41:41.1735921Z ^[[1m^[[92m   Compiling^[[0m bareline-diagnostics v0.1.0 (D:\a\BareLine\BareLine\crates\diagnostics)
native	Run cargo test --workspace --locked	2026-09-18T11:41:41.6856150Z ^[[1m^[[92m   Compiling^[[0m bareline-platform-macos v0.1.0 (D:\a\BareLine\BareLine\crates\platform-macos)
native	Run cargo test --workspace --locked	2026-09-18T11:41:41.7887154Z ^[[1m^[[92m   Compiling^[[0m wat v1.258.0
native	Run cargo test --workspace --locked	2026-09-18T11:41:42.0511221Z ^[[1m^[[92m   Compiling^[[0m bareline-platform-linux v0.1.0 (D:\a\BareLine\BareLine\crates\platform-linux)
native	Run cargo test --workspace --locked	2026-09-18T11:41:42.1537956Z ^[[1m^[[92m   Compiling^[[0m bareline-update-helper v0.1.0 (D:\a\BareLine\BareLine\apps\update-helper)
native	Run cargo test --workspace --locked	2026-09-18T11:41:50.6338717Z ^[[1m^[[92m   Compiling^[[0m bareline-json-tools v0.1.0 (D:\a\BareLine\BareLine\extensions\json-tools)
native	Run cargo test --workspace --locked	2026-09-18T11:41:51.2210191Z ^[[1m^[[92m   Compiling^[[0m bareline-hex-view v0.1.0 (D:\a\BareLine\BareLine\extensions\hex-view)
native	Run cargo test --workspace --locked	2026-09-18T11:41:51.7429396Z ^[[1m^[[92m   Compiling^[[0m bareline-xml-tools v0.1.0 (D:\a\BareLine\BareLine\extensions\xml-tools)
native	Run cargo test --workspace --locked	2026-09-18T11:41:55.6946185Z ^[[1m^[[92m   Compiling^[[0m xtask v0.1.0 (D:\a\BareLine\BareLine\xtask)
native	Run cargo test --workspace --locked	2026-09-18T11:42:57.8435970Z ^[[1m^[[92m    Finished^[[0m `test` profile [unoptimized + debuginfo] target(s) in 3m 37s
native	Run cargo test --workspace --locked	2026-09-18T11:42:57.8879792Z ^[[1m^[[92m     Running^[[0m unittests src\main.rs (target\debug\deps\bareline-6b50ced9e4ec7984.exe)
native	Run cargo test --workspace --locked	2026-09-18T11:42:57.9028965Z 
native	Run cargo test --workspace --locked	2026-09-18T11:42:57.9029319Z running 168 tests
native	Run cargo test --workspace --locked	2026-09-18T11:42:57.9175445Z test windows_app::accessibility::tests::bottom_dock_exposes_one_selected_surface_and_retires_background_search_owner ... ok
native	Run cargo test --workspace --locked	2026-09-18T11:42:57.9193564Z test windows_app::accessibility::tests::compare_editor_providers_match_reserved_viewport_above_shared_dock ... ok
native	Run cargo test --workspace --locked	2026-09-18T11:42:57.9197433Z test windows_app::accessibility::tests::compare_dock_exposes_both_current_hunk_copy_directions ... ok
native	Run cargo test --workspace --locked	2026-09-18T11:42:57.9229995Z test windows_app::accessibility::tests::find_focus_and_values_survive_native_snapshot_publication ... ok
native	Run cargo test --workspace --locked	2026-09-18T11:42:57.9233832Z test windows_app::accessibility::tests::modal_text_reads_normalize_every_unicode_byte_start ... ok
native	Run cargo test --workspace --locked	2026-09-18T11:42:57.9251212Z test windows_app::accessibility::tests::folder_button_suppresses_background_find_text_ownership ... ok
native	Run cargo test --workspace --locked	2026-09-18T11:42:57.9255024Z test windows_app::accessibility::tests::find_mode_name_survives_command_projection ... ok
native	Run cargo test --workspace --locked	2026-09-18T11:42:57.9256118Z test windows_app::accessibility::tests::provider_identity_follows_tab_move_clone_and_session_restore ... ok
native	Run cargo test --workspace --locked	2026-09-18T11:42:57.9303573Z test windows_app::accessibility::tests::recovery_modal_hides_background_text_and_restores_the_find_invoker ... ok
native	Run cargo test --workspace --locked	2026-09-18T11:42:57.9311868Z test windows_app::accessibility::tests::search_provider_tracks_field_selection_modes_and_close_without_editing_document ... ok
native	Run cargo test --workspace --locked	2026-09-18T11:42:57.9360289Z test windows_app::accessibility::tests::prompt_and_compare_modals_own_focus_text_and_background_actions ... ok
native	Run cargo test --workspace --locked	2026-09-18T11:42:57.9363249Z test windows_app::accessibility::tests::shared_body_focus_transfer_retires_header_and_shift_tab_returns_to_editor ... ok
native	Run cargo test --workspace --locked	2026-09-18T11:42:57.9365191Z test windows_app::accessibility::tests::settings_layer_suppresses_background_find_text_ownership ... ok
native	Run cargo test --workspace --locked	2026-09-18T11:42:57.9369829Z test windows_app::charsets::tests::filter_finds_ansi_by_fragment_and_family ... ok
native	Run cargo test --workspace --locked	2026-09-18T11:42:57.9401685Z test windows_app::compare::tests::compact_dock_keeps_merge_directions_and_close_inside_body ... ok
native	Run cargo test --workspace --locked	2026-09-18T11:42:57.9422041Z test windows_app::compare::tests::native_compare_merges_through_document_actor_and_undo ... ok
native	Run cargo test --workspace --locked	2026-09-18T11:42:57.9469481Z test windows_app::accessibility::tests::split_panes_publish_independent_text_owners_and_retire_closed_provider ... ok
native	Run cargo test --workspace --locked	2026-09-18T11:42:57.9521335Z test windows_app::deferred_close_tests::changed_document_retires_deferred_close_without_closing_or_requeueing ... ok
native	Run cargo test --workspace --locked	2026-09-18T11:42:57.9572453Z test windows_app::deferred_close_tests::clean_read_only_close_and_non_discard_mismatch_preserve_read_only_state ... ok
native	Run cargo test --workspace --locked	2026-09-18T11:42:57.9574285Z test windows_app::deferred_close_tests::deferred_close_rejects_changed_tab_document_or_index ... ok
native	Run cargo test --workspace --locked	2026-09-18T11:42:58.4466399Z test windows_app::deferred_close_tests::application_close_intent_survives_busy_save_wake_and_cancel_is_terminal ... ok
native	Run cargo test --workspace --locked	2026-09-18T11:42:58.9197302Z test windows_app::accessibility::tests::complete_native_semantic_json_golden ... ok
native	Run cargo test --workspace --locked	2026-09-18T11:42:58.9283666Z test windows_app::deferred_close_tests::document_close_intent_resumes_for_stable_owner_after_busy_save_and_tab_move ... ok
native	Run cargo test --workspace --locked	2026-09-18T11:42:59.1434728Z test windows_app::compare::tests::large_selected_copy_promotes_exact_destination_and_waits_for_durable_actor ... ok
native	Run cargo test --workspace --locked	2026-09-18T11:42:59.1437294Z test windows_app::dock::tests::collapse_resize_restore_and_semantics_keep_one_selected_panel ... ok
native	Run cargo test --workspace --locked	2026-09-18T11:42:59.1439485Z test windows_app::dock::tests::inactive_completion_is_unread_until_selected_and_removed_tabs_retire_focus ... ok
native	Run cargo test --workspace --locked	2026-09-18T11:42:59.1441371Z test windows_app::dock::tests::retained_surface_requests_switch_and_reopen_the_requested_tab ... ok
native	Run cargo test --workspace --locked	2026-09-18T11:42:59.1443255Z test windows_app::dock::tests::surfaces_share_one_bounded_region_and_switch_without_geometry_drift ... ok
native	Run cargo test --workspace --locked	2026-09-18T11:42:59.1445675Z test windows_app::dock::tests::tiny_resize_preserves_a_session_valid_preferred_height ... ok
native	Run cargo test --workspace --locked	2026-09-18T11:42:59.1448679Z test windows_app::dock::tests::tiny_viewport_bounds_panel_and_exposes_stable_disabled_tabs ... ok
native	Run cargo test --workspace --locked	2026-09-18T11:42:59.1452194Z test windows_app::extensions::manager_tests::cancellation_after_manager_publication_preserves_receipt ... ok
native	Run cargo test --workspace --locked	2026-09-18T11:42:59.1455246Z test windows_app::extensions::manager_tests::closing_runtime_cancels_owned_invocation ... ok
native	Run cargo test --workspace --locked	2026-09-18T11:42:59.1807420Z test windows_app::extensions::manager_tests::deferred_disable_persists_against_latest_completed_manager_generation ... ok
native	Run cargo test --workspace --locked	2026-09-18T11:42:59.1854511Z test windows_app::extensions::manager_tests::failed_exclusive_create_preserves_preexisting_stage ... ok
native	Run cargo test --workspace --locked	2026-09-18T11:42:59.1858520Z test windows_app::extensions::manager_tests::failed_result_send_still_wakes_exactly_once ... ok
native	Run cargo test --workspace --locked	2026-09-18T11:42:59.4159418Z test windows_app::extensions::manager_tests::fallback_inventory_blocks_removal_and_permission_writes ... ok
native	Run cargo test --workspace --locked	2026-09-18T11:42:59.4168703Z test windows_app::extensions::manager_tests::invocation_rejection_revokes_owner_without_pending_state ... ok
native	Run cargo test --workspace --locked	2026-09-18T11:42:59.4173652Z test windows_app::extensions::manager_tests::legacy_inventory_never_becomes_extension_mutation_root ... ok
native	Run cargo test --workspace --locked	2026-09-18T11:42:59.4178683Z test windows_app::extensions::manager_tests::loaded_fallback_switches_only_after_exact_local_restore_completes ... ok
native	Run cargo test --workspace --locked	2026-09-18T11:42:59.4185251Z test windows_app::extensions::manager_tests::manager_rejection_does_not_leave_pending_and_wakes_once ... ok
native	Run cargo test --workspace --locked	2026-09-18T11:42:59.4191353Z test windows_app::deferred_close_tests::forced_paged_close_and_preflight_share_full_document_identity_after_viewport_move ... ok
native	Run cargo test --workspace --locked	2026-09-18T11:42:59.4195476Z test windows_app::extensions::manager_tests::queued_manager_cancel_is_terminal_and_blocks_overlap ... ok
native	Run cargo test --workspace --locked	2026-09-18T11:42:59.4197959Z test windows_app::extensions::manager_tests::release_without_owner_pins_cannot_open_or_install_catalog ... ok
native	Run cargo test --workspace --locked	2026-09-18T11:42:59.4200032Z test windows_app::extensions::readers::tests::original_bytes_are_exact_bounded_and_cancelled_without_text_fallback ... ok
native	Run cargo test --workspace --locked	2026-09-18T11:42:59.4203395Z test windows_app::extensions::tests::cancel_after_worker_completion_discards_queued_proposal ... ok
native	Run cargo test --workspace --locked	2026-09-18T11:42:59.4206657Z test windows_app::extensions::tests::panel_actions_are_internal_and_only_manage_stays_user_facing ... ok
native	Run cargo test --workspace --locked	2026-09-18T11:42:59.4212085Z test windows_app::extensions::ui::tests::structured_arguments_are_separate_bounded_committed_fields ... ok
native	Run cargo test --workspace --locked	2026-09-18T11:42:59.4219665Z test windows_app::extensions::ui::tests::untrusted_panel_output_is_capped_on_char_boundaries ... ok
native	Run cargo test --workspace --locked	2026-09-18T11:42:59.4223160Z test windows_app::goto::tests::keyboard_button_focus_has_a_visible_cue_and_hides_the_field_caret ... ok
native	Run cargo test --workspace --locked	2026-09-18T11:42:59.4225696Z test windows_app::goto::tests::parses_all_five_forms_and_rejects_invalid_input ... ok
native	Run cargo test --workspace --locked	2026-09-18T11:42:59.4227576Z test windows_app::input_and_menu_tests::context_menu_item_enabled_state_follows_selection ... ok
native	Run cargo test --workspace --locked	2026-09-18T11:42:59.4229768Z test windows_app::instance::tests::portable_handle_diagnostics_stay_out_of_single_instance_forwarding ... ok
native	Run cargo test --workspace --locked	2026-09-18T11:42:59.4247910Z test windows_app::inventory::route_tests::a_duplicate_command_id_is_rejected_at_registration ... ok
native	Run cargo test --workspace --locked	2026-09-18T11:42:59.4260955Z test windows_app::inventory::route_tests::a_registered_command_without_a_handler_fails_validation ... ok
native	Run cargo test --workspace --locked	2026-09-18T11:42:59.4274721Z test windows_app::inventory::route_tests::every_registered_command_routes_to_a_handler ... ok
native	Run cargo test --workspace --locked	2026-09-18T11:42:59.4476230Z test windows_app::inventory::worker_tests::cancellation_before_inventory_publication_removes_stage ... ok
native	Run cargo test --workspace --locked	2026-09-18T11:42:59.4478744Z test windows_app::inventory::worker_tests::dropping_inventory_runtime_signals_owned_export ... ok
native	Run cargo test --workspace --locked	2026-09-18T11:42:59.4601166Z test windows_app::extensions::manager_tests::manager_unwind_publishes_terminal_failure ... ok
native	Run cargo test --workspace --locked	2026-09-18T11:42:59.4611907Z test windows_app::inventory::worker_tests::queued_inventory_cancel_touches_no_target_or_stage ... ok
native	Run cargo test --workspace --locked	2026-09-18T11:42:59.4660961Z test windows_app::inventory::worker_tests::rejected_inventory_never_creates_stage_and_wakes_once ... ok
native	Run cargo test --workspace --locked	2026-09-18T11:42:59.4675550Z test windows_app::inventory::worker_tests::unpublished_inventory_stage_is_removed_on_owner_drop ... ok
native	Run cargo test --workspace --locked	2026-09-18T11:42:59.5746067Z test windows_app::language::catalog_tests::cancelled_or_corrupt_store_preserves_installed_bytes_and_does_not_publish_success ... ok
native	Run cargo test --workspace --locked	2026-09-18T11:42:59.6087523Z test windows_app::deferred_close_tests::discard_close_resolves_stable_owner_after_another_tab_moves ... ok
native	Run cargo test --workspace --locked	2026-09-18T11:42:59.6091873Z test windows_app::launch::request_tests::closing_navigation_owner_cancels_task_and_releases_slot ... ok
native	Run cargo test --workspace --locked	2026-09-18T11:42:59.6630021Z test windows_app::language::catalog_tests::imported_language_is_durable_before_publication_and_reloaded_on_restart ... ok
native	Run cargo test --workspace --locked	2026-09-18T11:42:59.6640297Z test windows_app::launch::request_tests::concurrent_bound_rejects_then_reopens_one_slot_with_flags_intact ... ok
native	Run cargo test --workspace --locked	2026-09-18T11:42:59.7873357Z test windows_app::launch::request_tests::completed_navigation_is_processed_before_an_earlier_waiter ... ok
native	Run cargo test --workspace --locked	2026-09-18T11:42:59.7875466Z test windows_app::deferred_close_tests::pending_exit_discard_revalidates_new_dirty_documents_before_exit ... ok
native	Run cargo test --workspace --locked	2026-09-18T11:42:59.7885259Z test windows_app::launch::request_tests::sequential_failures_release_capacity_and_preserve_request_ids ... ok
native	Run cargo test --workspace --locked	2026-09-18T11:42:59.8266864Z test windows_app::launch::tests::diagnostic_root_requires_an_owned_empty_regular_marker ... ok
native	Run cargo test --workspace --locked	2026-09-18T11:42:59.8271086Z test windows_app::launch::tests::launch_coordinates_clamp_and_preserve_utf8_boundaries ... ok
native	Run cargo test --workspace --locked	2026-09-18T11:42:59.8273397Z test windows_app::launch::tests::only_installed_mode_owns_profile_initialization ... ok
native	Run cargo test --workspace --locked	2026-09-18T11:42:59.8276643Z test windows_app::launch::tests::parser_preserves_option_like_and_non_ascii_paths_after_separator ... ok
native	Run cargo test --workspace --locked	2026-09-18T11:42:59.8284941Z test windows_app::launch::tests::parser_rejects_contradictory_and_invalid_modes ... ok
native	Run cargo test --workspace --locked	2026-09-18T11:42:59.8289264Z test windows_app::launch::tests::parser_returns_typed_modes_without_preparing_paths ... ok
native	Run cargo test --workspace --locked	2026-09-18T11:42:59.8302457Z test windows_app::launch::tests::installed_initialization_retains_its_completion_receipt ... ok
native	Run cargo test --workspace --locked	2026-09-18T11:42:59.8400518Z test windows_app::launch::request_tests::forced_paged_navigation_uses_full_source_after_viewport_moves ... ok
native	Run cargo test --workspace --locked	2026-09-18T11:42:59.8405403Z test windows_app::lifecycle::tests::save_all_menu_state_covers_idle_ready_and_running ... ok
native	Run cargo test --workspace --locked	2026-09-18T11:42:59.8466034Z test windows_app::lifecycle::tests::compare_peer_failure_after_a_separate_success_pump_drains_exact_requests ... ok
native	Run cargo test --workspace --locked	2026-09-18T11:42:59.8719030Z test windows_app::lifecycle::tests::tracked_conflict_compare_starts_the_exact_open_pair ... ok
native	Run cargo test --workspace --locked	2026-09-18T11:42:59.8725457Z test windows_app::macros::tests::dock_output_keeps_window_hit_bounds_and_local_controller_coordinates ... ok
native	Run cargo test --workspace --locked	2026-09-18T11:42:59.8751315Z test windows_app::macros::tests::inapplicable_manager_and_run_commands_are_hidden_not_greyed ... ok
native	Run cargo test --workspace --locked	2026-09-18T11:42:59.8755707Z test windows_app::macros::tests::legacy_reconciliation_changes_macro_reads_but_keeps_local_writes ... ok
native	Run cargo test --workspace --locked	2026-09-18T11:42:59.8760281Z test windows_app::macros::tests::loaded_fallback_switches_future_reads_without_dropping_live_state ... ok
native	Run cargo test --workspace --locked	2026-09-18T11:42:59.8770691Z test windows_app::macros::tests::manager_close_context_is_enabled_for_every_runtime_state ... ok
native	Run cargo test --workspace --locked	2026-09-18T11:42:59.8772654Z test windows_app::modal::tests::modal_instances_have_distinct_generations ... ok
native	Run cargo test --workspace --locked	2026-09-18T11:42:59.8775512Z test windows_app::modal::tests::modal_modifier_capture_tracks_press_and_release ... ok
native	Run cargo test --workspace --locked	2026-09-18T11:42:59.8777975Z test windows_app::modal::tests::notification_details_uses_the_shared_inert_modal_contract ... ok
native	Run cargo test --workspace --locked	2026-09-18T11:42:59.8811139Z test windows_app::lifecycle::tests::tracked_save_elsewhere_reaches_picker_and_preflight ... ok
native	Run cargo test --workspace --locked	2026-09-18T11:42:59.8830842Z test windows_app::modal::tests::notification_modal_close_returns_next_key_to_the_shell_owner ... ok
native	Run cargo test --workspace --locked	2026-09-18T11:42:59.8873962Z test windows_app::notification_shell_tests::shell_sync_retains_more_than_visible_conflicts_without_replay_or_status_erasure ... ok
native	Run cargo test --workspace --locked	2026-09-18T11:42:59.8876210Z test windows_app::power::power_layout_tests::field_and_footer_bounds_match_the_drawn_controls ... ok
native	Run cargo test --workspace --locked	2026-09-18T11:42:59.8879375Z test windows_app::power::power_layout_tests::scrolled_history_hits_and_semantics_follow_visible_rows ... ok
native	Run cargo test --workspace --locked	2026-09-18T11:42:59.8881968Z test windows_app::power::stream::replay_terminal_tests::failed_preparation_stays_failed_when_status_is_cleared ... ok
native	Run cargo test --workspace --locked	2026-09-18T11:42:59.8884337Z test windows_app::power::stream::replay_terminal_tests::unrelated_status_cannot_turn_committed_replay_into_retryable_failure ... ok
native	Run cargo test --workspace --locked	2026-09-18T11:42:59.8887311Z test windows_app::recovery::tests::center_actions_share_keyboard_and_accessibility_targets ... ok
native	Run cargo test --workspace --locked	2026-09-18T11:42:59.8889557Z test windows_app::recovery::tests::center_preserves_window_lifecycle_and_consumes_text_input ... ok
native	Run cargo test --workspace --locked	2026-09-18T11:42:59.8892706Z test windows_app::recovery::tests::checkpoint_operations_are_mutually_exclusive_and_default_focus_is_enabled ... ok
native	Run cargo test --workspace --locked	2026-09-18T11:42:59.8931704Z test windows_app::recovery::tests::closed_discovery_completion_notifies_once_per_generation ... ok
native	Run cargo test --workspace --locked	2026-09-18T11:42:59.8934954Z test windows_app::recovery::tests::delayed_discovery_is_loading_until_a_tagged_terminal_result ... ok
native	Run cargo test --workspace --locked	2026-09-18T11:42:59.8937193Z test windows_app::recovery::tests::discovery_rejects_obsolete_root_and_preserves_selection_identity ... ok
native	Run cargo test --workspace --locked	2026-09-18T11:42:59.8939513Z test windows_app::recovery::tests::failed_discovery_exposes_full_error_retry_and_keeps_global_worker_on_close ... ok
native	Run cargo test --workspace --locked	2026-09-18T11:43:00.0382072Z test windows_app::lifecycle::tests::rejected_save_all_submission_does_not_wait_before_next_entry ... ok
native	Run cargo test --workspace --locked	2026-09-18T11:43:00.0401239Z test windows_app::recovery::tests::ninety_nine_directories_collapse_to_one_row_with_the_newest_checkpoint ... ok
native	Run cargo test --workspace --locked	2026-09-18T11:43:00.0452082Z test windows_app::recovery::tests::open_transition_and_initial_command_match_keyboard_and_accessibility ... ok
native	Run cargo test --workspace --locked	2026-09-18T11:43:00.0492861Z test windows_app::recovery::tests::pump_notice_transition_is_generation_fenced_and_closed_failure_is_retained ... ok
native	Run cargo test --workspace --locked	2026-09-18T11:43:00.0534153Z test windows_app::recovery::tests::quick_recovery_cycles_stay_quiet_and_delayed_work_notifies_once ... ok
native	Run cargo test --workspace --locked	2026-09-18T11:43:00.0576846Z test windows_app::recovery::tests::recovery_failure_bypasses_preparation_delay_and_close_retires_timer ... ok
native	Run cargo test --workspace --locked	2026-09-18T11:43:00.0579657Z test windows_app::recovery::tests::removed_rows_select_the_nearest_survivor_and_closed_discovery_stays_closed ... ok
native	Run cargo test --workspace --locked	2026-09-18T11:43:00.0620794Z test windows_app::recovery::tests::restore_refresh_waits_for_matching_terminal_publication_and_fences_stale_results ... ok
native	Run cargo test --workspace --locked	2026-09-18T11:43:00.0623233Z test windows_app::run_prompt::tests::keyboard_button_focus_has_a_visible_cue_and_hides_the_field_caret ... ok
native	Run cargo test --workspace --locked	2026-09-18T11:43:00.0626381Z test windows_app::run_prompt::tests::parses_quoted_programs_and_arguments_and_requires_an_absolute_path ... ok
native	Run cargo test --workspace --locked	2026-09-18T11:43:00.0628457Z test windows_app::scrolling::tests::byte_thumb_reaches_distant_source_with_deferred_capture ... ok
native	Run cargo test --workspace --locked	2026-09-18T11:43:00.0630587Z test windows_app::scrolling::tests::paged_thumb_position_tracks_byte_offset ... ok
native	Run cargo test --workspace --locked	2026-09-18T11:43:00.0633451Z test windows_app::search::folder::tests::cancelled_filter_composition_never_changes_the_search_scope ... ok
native	Run cargo test --workspace --locked	2026-09-18T11:43:00.0636244Z test windows_app::search::folder::tests::folder_preferences_are_explicit_and_preserve_safe_defaults ... ok
native	Run cargo test --workspace --locked	2026-09-18T11:43:00.0731063Z test windows_app::search::menu_projection_tests::composed_shell_file_and_search_popups_fit_supported_heights ... ok
native	Run cargo test --workspace --locked	2026-09-18T11:43:00.0803944Z test windows_app::search::menu_projection_tests::scope_mode_and_options_follow_current_intent_after_panel_cancellation ... ok
native	Run cargo test --workspace --locked	2026-09-18T11:43:00.0853112Z test windows_app::search::replace::menu_state_tests::apply_route_preserves_preview_when_a_selected_source_changed ... ok
native	Run cargo test --workspace --locked	2026-09-18T11:43:00.0855378Z test windows_app::search::replace::menu_state_tests::replacement_menu_state_covers_idle_running_cancelling_complete_and_stale ... ok
native	Run cargo test --workspace --locked	2026-09-18T11:43:00.0894822Z test windows_app::search::replace::menu_state_tests::replacement_preview_accessibility_tracks_only_rendered_rows_and_terminal_status ... ok
native	Run cargo test --workspace --locked	2026-09-18T11:43:00.0902904Z test windows_app::session::close_tests::deferred_session_write_cannot_exit_after_an_intervening_edit_or_new_tab ... ok
native	Run cargo test --workspace --locked	2026-09-18T11:43:00.0941404Z test windows_app::settings::keymap_cache_tests::default_keymap_is_built_once_per_keymap_change ... ok
native	Run cargo test --workspace --locked	2026-09-18T11:43:00.1464013Z test windows_app::settings::keymap_cache_tests::migrated_settings_reconciliation_preserves_the_open_tab ... ok
native	Run cargo test --workspace --locked	2026-09-18T11:43:00.1513625Z test windows_app::settings::keymap_cache_tests::migration_receipt_does_not_overwrite_a_newer_live_settings_revision ... ok
native	Run cargo test --workspace --locked	2026-09-18T11:43:00.1564953Z test windows_app::settings::keymap_cache_tests::resolved_tab_uses_caret_input_but_other_commands_modifiers_and_fields_do_not ... ok
native	Run cargo test --workspace --locked	2026-09-18T11:43:00.1607338Z test windows_app::shell_integration::tests::recent_files_round_trip_dedupe_cap_and_clear ... ok
native	Run cargo test --workspace --locked	2026-09-18T11:43:00.1610794Z test windows_app::shortcuts::tests::dotted_titles_render_as_readable_labels_never_raw_ids ... ok
native	Run cargo test --workspace --locked	2026-09-18T11:43:00.1636490Z test windows_app::shortcuts::tests::invalid_chord_is_rejected_on_entry_and_on_apply ... ok
native	Run cargo test --workspace --locked	2026-09-18T11:43:00.1689941Z test windows_app::shortcuts::tests::mapper_preserves_map_on_conflict_and_supports_remove_and_multichord ... ok
native	Run cargo test --workspace --locked	2026-09-18T11:43:00.1699231Z test windows_app::shortcuts::tests::mapper_semantics_have_unique_ids_and_live_edit_values ... ok
native	Run cargo test --workspace --locked	2026-09-18T11:43:00.1702015Z test windows_app::toast::tests::document_generation_close_expires_progress_but_retains_failure ... ok
native	Run cargo test --workspace --locked	2026-09-18T11:43:00.1705513Z test windows_app::toast::tests::height_clipped_rows_are_only_reachable_through_overflow ... ok
native	Run cargo test --workspace --locked	2026-09-18T11:43:00.1712237Z test windows_app::toast::tests::measured_wrapping_is_unicode_boundary_safe_and_keeps_full_summary ... ok
native	Run cargo test --workspace --locked	2026-09-18T11:43:00.1715269Z test windows_app::toast::tests::narrow_geometry_and_keyboard_details_keep_complete_unicode_value ... ok
native	Run cargo test --workspace --locked	2026-09-18T11:43:00.1726750Z test windows_app::toast::tests::persistent_ownership_is_separate_from_visible_capacity ... ok
native	Run cargo test --workspace --locked	2026-09-18T11:43:00.1731601Z test windows_app::toast::tests::pointer_details_has_close_geometry_and_removed_owner_releases_focus ... ok
native	Run cargo test --workspace --locked	2026-09-18T11:43:00.1736052Z test windows_app::toast::tests::scoped_progress_is_typed_and_document_owned ... ok
native	Run cargo test --workspace --locked	2026-09-18T11:43:00.1740964Z test windows_app::toast::tests::warning_wording_does_not_choose_level_and_details_are_complete ... ok
native	Run cargo test --workspace --locked	2026-09-18T11:43:00.1745184Z test windows_app::toast::tests::zero_row_capacity_does_not_publish_an_unpainted_overflow_control ... ok
native	Run cargo test --workspace --locked	2026-09-18T11:43:00.2390655Z test windows_app::utilities::publication_tests::native_export_publishes_new_and_replaces_existing_destination ... ok
native	Run cargo test --workspace --locked	2026-09-18T11:43:00.2403268Z test windows_app::views::tests::close_compare_waits_for_secondary_history_to_settle ... ok
native	Run cargo test --workspace --locked	2026-09-18T11:43:00.2410583Z test windows_app::views::tests::closed_view_retires_its_source_generation_without_recycling_the_survivor ... ok
native	Run cargo test --workspace --locked	2026-09-18T11:43:00.2420264Z test windows_app::views::tests::closing_secondary_tab_returns_its_document_history ... ok
native	Run cargo test --workspace --locked	2026-09-18T11:43:00.2438174Z test windows_app::views::tests::closing_split_preserves_shared_undo_redo_from_either_writer ... ok
native	Run cargo test --workspace --locked	2026-09-18T11:43:00.2448147Z test windows_app::views::tests::completion_target_tracks_secondary_cursor_and_rejects_focus_change ... ok
native	Run cargo test --workspace --locked	2026-09-18T11:43:00.2457576Z test windows_app::views::tests::delayed_fold_result_targets_the_requested_view_after_focus_moves ... ok
native	Run cargo test --workspace --locked	2026-09-18T11:43:00.2461453Z test windows_app::views::tests::delayed_restore_guard_rejects_a_different_document_with_identical_text ... ok
native	Run cargo test --workspace --locked	2026-09-18T11:43:00.2467606Z test windows_app::views::tests::find_selection_scope_uses_the_active_split_view ... ok
native	Run cargo test --workspace --locked	2026-09-18T11:43:00.2659194Z test windows_app::recovery::tests::generated_discovery_excludes_live_adopted_checkpoint_and_keeps_other_data ... ok
native	Run cargo test --workspace --locked	2026-09-18T11:43:00.2707239Z test windows_app::power::drag::tests::paged_drag_capture_keeps_global_selection_outside_viewport ... ok
native	Run cargo test --workspace --locked	2026-09-18T11:43:00.3437415Z test windows_app::views::tests::paged_tab_at_carets_edits_the_active_clone_and_preserves_selection_indent ... ok
native	Run cargo test --workspace --locked	2026-09-18T11:43:00.3559718Z test windows_app::inventory::worker_tests::inventory_identifies_the_running_binary_and_sorted_commands ... ok
native	Run cargo test --workspace --locked	2026-09-18T11:43:00.3567796Z test windows_app::views::tests::pane_source_generation_tracks_full_document_replacement_and_revision ... ok
native	Run cargo test --workspace --locked	2026-09-18T11:43:00.3583682Z test windows_app::views::tests::queued_edits_in_both_native_panes_share_the_document ... ok
native	Run cargo test --workspace --locked	2026-09-18T11:43:00.3589194Z test windows_app::views::tests::session_capture_preserves_unavailable_tab_when_temporary_id_collides ... ok
native	Run cargo test --workspace --locked	2026-09-18T11:43:00.3604973Z test windows_app::views::tests::split_pane_activation_retires_the_previous_documents_find_results ... ok
native	Run cargo test --workspace --locked	2026-09-18T11:43:00.3632019Z test windows_app::views::tests::tab_at_carets_preserves_line_prefix_and_shared_history ... ok
native	Run cargo test --workspace --locked	2026-09-18T11:43:00.3638435Z test windows_app::views::tests::vertical_tabs_share_find_draw_and_hover_geometry ... ok
native	Run cargo test --workspace --locked	2026-09-18T11:43:00.3642763Z test windows_app::watch::tests::automatic_reload_never_discards_dirty_or_unavailable_source ... ok
native	Run cargo test --workspace --locked	2026-09-18T11:43:00.4093910Z test windows_app::views::tests::promotion_rebinds_linked_views_without_replacing_tabs_or_history ... ok
native	Run cargo test --workspace --locked	2026-09-18T11:43:00.4099491Z test windows_app::watch::tests::network_path_classification_is_lexical ... ok
native	Run cargo test --workspace --locked	2026-09-18T11:43:00.4649216Z test windows_app::watch::tests::launch_follow_resolves_its_workspace_document_when_secondary_is_active ... ok
native	Run cargo test --workspace --locked	2026-09-18T11:43:00.4654663Z test windows_app::workspace_panels::workspace_panel_regressions::disconnected_worker_is_a_terminal_error ... ok
native	Run cargo test --workspace --locked	2026-09-18T11:43:00.4837803Z test windows_app::workspace_panels::workspace_panel_regressions::retained_folder_delete_restores_contents_and_refuses_collision ... ok
native	Run cargo test --workspace --locked	2026-09-18T11:43:00.4893582Z test windows_app::watch::tests::verified_reopen_retires_a_persistent_dirty_period_conflict ... ok
native	Run cargo test --workspace --locked	2026-09-18T11:43:00.8731377Z test windows_app::views::tests::paged_split_synchronizes_global_lines_after_pending_lookup ... ok
native	Run cargo test --workspace --locked	2026-09-18T11:43:00.8888329Z test windows_app::views::tests::folded_large_gap_keeps_independent_pane_source_layout_and_click ... ok
native	Run cargo test --workspace --locked	2026-09-18T11:43:00.8889480Z 
native	Run cargo test --workspace --locked	2026-09-18T11:43:00.8890071Z test result: ok. 168 passed; 0 failed; 0 ignored; 0 measured; 0 filtered out; finished in 2.99s
native	Run cargo test --workspace --locked	2026-09-18T11:43:00.8903334Z 
native	Run cargo test --workspace --locked	2026-09-18T11:43:00.8946686Z ^[[1m^[[92m     Running^[[0m unittests src\lib.rs (target\debug\deps\bareline_app-2c1f170a3502ea87.exe)
native	Run cargo test --workspace --locked	2026-09-18T11:43:00.9053665Z 
native	Run cargo test --workspace --locked	2026-09-18T11:43:00.9054088Z running 152 tests
native	Run cargo test --workspace --locked	2026-09-18T11:43:00.9066726Z test accessibility::tests::find_semantics_follow_focus_toggle_and_field_value ... ok
native	Run cargo test --workspace --locked	2026-09-18T11:43:00.9067653Z test accessibility::tests::find_replace_dynamic_tree_keeps_valid_focus_and_values ... ok
native	Run cargo test --workspace --locked	2026-09-18T11:43:00.9070583Z test accessibility::tests::grapheme_offsets_and_offscreen_selection_are_bounded ... ok
native	Run cargo test --workspace --locked	2026-09-18T11:43:00.9076815Z test accessibility::tests::default_editor_semantic_fields_regression ... ok
native	Run cargo test --workspace --locked	2026-09-18T11:43:00.9082463Z test accessibility::tests::paged_read_terminal_cleanup_rejects_stale_results ... ok
native	Run cargo test --workspace --locked	2026-09-18T11:43:00.9083358Z test compare::tests::counter_does_not_retain_a_position_without_current_results ... ok
native	Run cargo test --workspace --locked	2026-09-18T11:43:00.9088349Z test compare::tests::old_revisions_and_cancelled_are_not_coarse ... ok
native	Run cargo test --workspace --locked	2026-09-18T11:43:00.9090691Z test compare::tests::stale_results_never_paint_and_merge_undo ... ok
native	Run cargo test --workspace --locked	2026-09-18T11:43:00.9091597Z test compare::tests::session_round_trip_preserves_options_sources ... ok
native	Run cargo test --workspace --locked	2026-09-18T11:43:00.9094586Z test compare::tests::worker_merge_rejects_equal_revision_from_other_document ... ok
native	Run cargo test --workspace --locked	2026-09-18T11:43:00.9098586Z test encoding::tests::character_sets_cover_every_codec_and_are_searchable ... ok
native	Run cargo test --workspace --locked	2026-09-18T11:43:00.9104586Z test encoding::tests::readonly_and_unsupported_bom_cannot_dispatch_but_binary_choice_can ... ok
native	Run cargo test --workspace --locked	2026-09-18T11:43:00.9108898Z test accessibility::tests::app_control_fields_regression ... ok
native	Run cargo test --workspace --locked	2026-09-18T11:43:00.9112165Z test extensions::manager::lifecycle_tests::update_retains_only_approved_subset_and_new_capability_disables ... ok
native	Run cargo test --workspace --locked	2026-09-18T11:43:00.9140023Z test compare::tests::paged_worker_reads_beyond_first_window_and_utf8_page_boundaries ... ok
native	Run cargo test --workspace --locked	2026-09-18T11:43:00.9143166Z test extensions::manager::tests::duplicate_or_forged_index_is_not_loaded ... ok
native	Run cargo test --workspace --locked	2026-09-18T11:43:00.9143965Z test extensions::tests::byte_chunks_cross_unicode_and_failed_child_discards_edits ... ok
native	Run cargo test --workspace --locked	2026-09-18T11:43:00.9146019Z test extensions::tests::paged_read_authority_is_bounded_and_never_accepts_edits ... ok
native	Run cargo test --workspace --locked	2026-09-18T11:43:00.9147793Z test find::find_bar_tests::enter_and_f3_cycle_direction ... ok
native	Run cargo test --workspace --locked	2026-09-18T11:43:00.9150105Z test find::find_bar_tests::document_switch_clears_byte_scope_and_restarts_a_cancelled_query ... ok
native	Run cargo test --workspace --locked	2026-09-18T11:43:00.9152165Z test find::find_bar_tests::option_toggles_map_to_query_flags ... ok
native	Run cargo test --workspace --locked	2026-09-18T11:43:00.9155633Z test find::find_bar_tests::mode_controls_and_tooltips_describe_each_current_search_mode ... ok
native	Run cargo test --workspace --locked	2026-09-18T11:43:00.9156578Z test find::find_bar_tests::short_replace_view_uses_summary_or_hides_without_covering_a_field ... ok
native	Run cargo test --workspace --locked	2026-09-18T11:43:00.9158072Z test find::find_bar_tests::stale_worker_disconnect_cannot_replace_the_current_document_status ... ok
native	Run cargo test --workspace --locked	2026-09-18T11:43:00.9159347Z test find::find_bar_tests::toggle_tooltip_deadline_wakes_once_and_dismisses_on_leave_or_close ... ok
native	Run cargo test --workspace --locked	2026-09-18T11:43:00.9161255Z test find::find_bar_tests::toggle_tooltips_share_names_and_pressed_state_with_semantics ... ok
native	Run cargo test --workspace --locked	2026-09-18T11:43:00.9164826Z test find::find_bar_tests::tooltip_content_wraps_and_clamps_without_covering_the_query ... ok
native	Run cargo test --workspace --locked	2026-09-18T11:43:00.9167670Z test language::tests::reviewed_udl_bytes_enforce_utf8_and_size_before_publication ... ok
native	Run cargo test --workspace --locked	2026-09-18T11:43:00.9173703Z test language::tests::signatures_are_language_scoped_and_hint_uses_verified_context ... ok
native	Run cargo test --workspace --locked	2026-09-18T11:43:00.9176581Z test language::tests::completion_policy_index_reuse_and_accessibility_invoke ... ok
native	Run cargo test --workspace --locked	2026-09-18T11:43:00.9177579Z test language::tests::stale_provider_generation_cannot_accept ... ok
native	Run cargo test --workspace --locked	2026-09-18T11:43:00.9179998Z test macros::manager::tests::close_ignores_cached_command_disablement_and_all_dismiss_inputs_match ... ok
native	Run cargo test --workspace --locked	2026-09-18T11:43:00.9182355Z test macros::tests::output_arrows_only_select_enter_activates_and_scroll_is_bounded ... ok
native	Run cargo test --workspace --locked	2026-09-18T11:43:00.9192319Z test macros::tests::mixed_receipts_keep_completion_order_through_save_and_replay ... ok
native	Run cargo test --workspace --locked	2026-09-18T11:43:00.9194479Z test macros::tests::replay_comment_policy_requires_captured_tokens ... ok
native	Run cargo test --workspace --locked	2026-09-18T11:43:00.9202645Z test macros::tests::saved_slot_survives_rename_and_restart_and_rejects_duplicate_import ... ok
native	Run cargo test --workspace --locked	2026-09-18T11:43:00.9212333Z test macros::tests::staged_replay_waits_for_matching_terminal_and_retries_failed_event ... ok
native	Run cargo test --workspace --locked	2026-09-18T11:43:00.9220951Z test extensions::manager::lifecycle_tests::contributions_are_bounded_before_index_mutation_and_on_reload ... ok
native	Run cargo test --workspace --locked	2026-09-18T11:43:00.9260975Z test menus::tests::codec_submenus_are_populated_by_declared_paths ... ok
native	Run cargo test --workspace --locked	2026-09-18T11:43:00.9266002Z test palette::tests::composing_escape_cancels_preedit_before_palette ... ok
native	Run cargo test --workspace --locked	2026-09-18T11:43:00.9273031Z test palette::tests::contributed_activation_keeps_owned_identity_and_rejects_revocation ... ok
native	Run cargo test --workspace --locked	2026-09-18T11:43:00.9279685Z test palette::tests::paint_and_pointer_use_current_results_and_expose_semantics ... ok
native	Run cargo test --workspace --locked	2026-09-18T11:43:00.9284995Z test palette::tests::result_focus_is_rejected_without_changing_keyboard_selection ... ok
native	Run cargo test --workspace --locked	2026-09-18T11:43:00.9289751Z test menus::tests::every_non_internal_command_is_reachable_and_internal_stays_hidden ... ok
native	Run cargo test --workspace --locked	2026-09-18T11:43:00.9292153Z test palette::tests::searches_navigates_and_revalidates_before_activation ... ok
native	Run cargo test --workspace --locked	2026-09-18T11:43:00.9293450Z test search_panel::tests::accessibility_tabs_select_modes_and_provider_revisions_do_not_recycle ... ok
native	Run cargo test --workspace --locked	2026-09-18T11:43:00.9295829Z test search_panel::tests::external_dock_bounds_own_search_hit_and_semantic_geometry ... ok
native	Run cargo test --workspace --locked	2026-09-18T11:43:00.9297823Z test search_panel::tests::panel_commands_and_search_request_keep_explicit_scope ... ok
native	Run cargo test --workspace --locked	2026-09-18T11:43:00.9302310Z test session_service::tests::queued_cancellation_prevents_storage_and_failures_are_returned ... ok
native	Run cargo test --workspace --locked	2026-09-18T11:43:00.9305390Z test session_service::tests::trust_resolution_is_batched_and_invalid_paths_never_reach_provider ... ok
native	Run cargo test --workspace --locked	2026-09-18T11:43:00.9309751Z test session_service::tests::worker_delivers_load_error_and_notifies_without_ui_wait ... ok
native	Run cargo test --workspace --locked	2026-09-18T11:43:00.9312887Z test session_ui::tests::capture_preserves_exact_view_and_cloned_document_identity ... ok
native	Run cargo test --workspace --locked	2026-09-18T11:43:00.9333942Z test search_panel::tests::grouped_panel_draws_only_visible_rows_and_activates_exact_source ... ok
native	Run cargo test --workspace --locked	2026-09-18T11:43:00.9337547Z test session_ui::tests::untrusted_or_rejected_path_never_becomes_open_request ... ok
native	Run cargo test --workspace --locked	2026-09-18T11:43:00.9350641Z test settings::picker_tests::closed_kinds_use_named_values_and_lists_fall_back_to_typed_entry ... ok
native	Run cargo test --workspace --locked	2026-09-18T11:43:00.9362003Z test settings::picker_tests::open_ended_rows_offer_a_list_that_ends_with_custom ... ok
native	Run cargo test --workspace --locked	2026-09-18T11:43:00.9383843Z test settings::picker_tests::theme_cards_map_to_theme_mode_values ... ok
native	Run cargo test --workspace --locked	2026-09-18T11:43:00.9403901Z test settings::picker_tests::toolbar_chip_editor_add_and_remove_keeps_ids_valid ... ok
native	Run cargo test --workspace --locked	2026-09-18T11:43:00.9428671Z test extensions::manager::lifecycle_tests::durable_disable_and_remove_retain_runtime_and_advance_generation ... ok
native	Run cargo test --workspace --locked	2026-09-18T11:43:00.9432927Z test settings::revert_contract_tests::autosave_then_revert_restores_opening_value_and_fences_late_acknowledgement ... ok
native	Run cargo test --workspace --locked	2026-09-18T11:43:00.9439449Z test session_ui::tests::five_hundred_restore_is_first_frame_and_trust_gated_with_two_in_flight ... ok
native	Run cargo test --workspace --locked	2026-09-18T11:43:00.9474383Z test settings::revert_contract_tests::external_change_requires_reload_or_keep_and_preserves_opening_revert ... ok
native	Run cargo test --workspace --locked	2026-09-18T11:43:00.9639656Z test settings::revert_contract_tests::newer_workspace_owner_cancels_an_older_deferred_handoff ... ok
native	Run cargo test --workspace --locked	2026-09-18T11:43:00.9669296Z test settings::revert_contract_tests::failed_handoff_keeps_error_and_retries_before_installing_new_owner ... ok
native	Run cargo test --workspace --locked	2026-09-18T11:43:00.9685666Z test settings::revert_contract_tests::real_worker_failure_retry_and_external_edit_keep_truthful_ownership ... ok
native	Run cargo test --workspace --locked	2026-09-18T11:43:00.9699102Z test settings::revert_contract_tests::reset_scope_switch_and_reopen_keep_independent_opening_baselines ... ok
native	Run cargo test --workspace --locked	2026-09-18T11:43:00.9718900Z test settings::revert_contract_tests::workspace_replacement_invalidates_the_old_path_decision ... ok
native	Run cargo test --workspace --locked	2026-09-18T11:43:00.9734736Z test settings::visual_contract_tests::failed_save_exposes_retry_even_without_an_unrelated_controller_error ... ok
native	Run cargo test --workspace --locked	2026-09-18T11:43:00.9771925Z test settings::visual_contract_tests::invalid_value_keeps_draft_and_cancel_restores_row_focus ... ok
native	Run cargo test --workspace --locked	2026-09-18T11:43:00.9788018Z test settings::visual_contract_tests::malformed_persisted_value_reports_its_key_without_resetting_other_values ... ok
native	Run cargo test --workspace --locked	2026-09-18T11:43:00.9810949Z test settings::visual_contract_tests::migration_reconciliation_retains_an_uncommitted_value_draft ... ok
native	Run cargo test --workspace --locked	2026-09-18T11:43:00.9840480Z test settings::visual_contract_tests::settings_reference_order_copy_target_and_opaque_popup ... ok
native	Run cargo test --workspace --locked	2026-09-18T11:43:01.0063607Z test settings::revert_contract_tests::real_worker_refreshes_queued_authority_for_rapid_edit_and_revert ... ok
native	Run cargo test --workspace --locked	2026-09-18T11:43:01.0075902Z test styling::tests::pane_caches_do_not_supersede_each_other_and_reject_foreign_views ... ok
native	Run cargo test --workspace --locked	2026-09-18T11:43:01.0080567Z test task::tests::cancel_after_publication_suppresses_buffered_success ... ok
native	Run cargo test --workspace --locked	2026-09-18T11:43:01.0083693Z test task::tests::cancel_before_dequeue_skips_work_and_reports_terminal ... ok
native	Run cargo test --workspace --locked	2026-09-18T11:43:01.0086478Z test task::tests::closed_pool_rejects_new_work ... ok
native	Run cargo test --workspace --locked	2026-09-18T11:43:01.0089099Z test task::tests::disconnected_result_is_a_one_shot_failure ... ok
native	Run cargo test --workspace --locked	2026-09-18T11:43:01.0092867Z test task::tests::dropping_owner_signals_running_work_and_send_failure_is_harmless ... ok
native	Run cargo test --workspace --locked	2026-09-18T11:43:01.0097433Z test task::tests::panicked_notification_does_not_kill_worker_or_lose_result ... ok
native	Run cargo test --workspace --locked	2026-09-18T11:43:01.0100943Z test task::tests::panicked_work_is_sanitized_and_worker_metrics_recover ... ok
native	Run cargo test --workspace --locked	2026-09-18T11:43:01.0105138Z test task::tests::pool_bound_is_respected_when_more_tasks_than_threads_are_queued ... ok
native	Run cargo test --workspace --locked	2026-09-18T11:43:01.0108608Z test task::tests::short_job_uses_idle_worker_while_long_job_remains_blocked ... ok
native	Run cargo test --workspace --locked	2026-09-18T11:43:01.0111961Z test task::tests::task_cancel_prevents_delivery ... ok
native	Run cargo test --workspace --locked	2026-09-18T11:43:01.0115269Z test task::tests::task_completes_and_delivers_its_result ... ok
native	Run cargo test --workspace --locked	2026-09-18T11:43:01.0119312Z test task::tests::wake_variant_routes_to_exactly_one_pump ... ok
native	Run cargo test --workspace --locked	2026-09-18T11:43:01.0140929Z test tests::lazy_tabs_survive_renderer_loss_without_document_io ... ok
native	Run cargo test --workspace --locked	2026-09-18T11:43:01.0157650Z test text_prototype::tests::composition_is_overlay_and_grapheme_edits_are_atomic ... ok
native	Run cargo test --workspace --locked	2026-09-18T11:43:01.0160806Z test settings::revert_contract_tests::same_path_workspace_handoff_waits_for_the_accepted_commit ... ok
native	Run cargo test --workspace --locked	2026-09-18T11:43:01.0165171Z test toolbar::tests::disabled_focus_and_customization_preserve_ids ... ok
native	Run cargo test --workspace --locked	2026-09-18T11:43:01.0167457Z test toolbar::tests::pointer_press_survives_snapshot_refresh_but_disable_cancels_activation ... ok
native	Run cargo test --workspace --locked	2026-09-18T11:43:01.0173446Z test utilities::command_oracle_tests::base64_encode_contract ... ok
native	Run cargo test --workspace --locked	2026-09-18T11:43:01.0174153Z test utilities::command_oracle_tests::base64_decode_contract ... ok
native	Run cargo test --workspace --locked	2026-09-18T11:43:01.0179554Z test utilities::command_oracle_tests::url_encode_contract ... ok
native	Run cargo test --workspace --locked	2026-09-18T11:43:01.0180208Z test utilities::command_oracle_tests::url_decode_contract ... ok
native	Run cargo test --workspace --locked	2026-09-18T11:43:01.0183212Z test utilities::tests::html_escapes_and_rtf_keeps_unicode ... ok
native	Run cargo test --workspace --locked	2026-09-18T11:43:01.0186571Z test utilities::tests::invalid_decode_never_creates_edit_and_roundtrip_undo ... ok
native	Run cargo test --workspace --locked	2026-09-18T11:43:01.0190329Z test utilities::tests::print_driver_error_propagates_and_selection_is_exact ... ok
native	Run cargo test --workspace --locked	2026-09-18T11:43:01.0195463Z test utilities::tests::standard_hash_vectors ... ok
native	Run cargo test --workspace --locked	2026-09-18T11:43:01.0201849Z test utilities::tests::stream_export_escapes_source_and_preserves_theme_and_multiline_state ... ok
native	Run cargo test --workspace --locked	2026-09-18T11:43:01.0208460Z test utilities::tests::huge_generated_hash_cancels_after_one_chunk ... ok
native	Run cargo test --workspace --locked	2026-09-18T11:43:01.0212282Z test utilities::tests::stream_lines_preserve_split_crlf_unicode_and_final_empty_line ... ok
native	Run cargo test --workspace --locked	2026-09-18T11:43:01.0216174Z test views::tests::alignment_spacers_have_no_line_number_and_sync_tokens_do_not_echo ... ok
native	Run cargo test --workspace --locked	2026-09-18T11:43:01.0219550Z test views::tests::clones_share_document_identity_with_independent_state_and_last_reference_close_guard ... ok
native	Run cargo test --workspace --locked	2026-09-18T11:43:01.0224027Z test views::tests::cross_pane_drag_is_atomic_at_pin_boundary_and_closed_metadata_restores ... ok
native	Run cargo test --workspace --locked	2026-09-18T11:43:01.0236301Z test utilities::tests::stream_export_writer_error_and_oversize_line_fail_without_source_mutation ... ok
native	Run cargo test --workspace --locked	2026-09-18T11:43:01.0239386Z test views::tests::restored_tab_ids_must_fit_the_native_provider_block_contract ... ok
native	Run cargo test --workspace --locked	2026-09-18T11:43:01.0254067Z test workspace::extensions::tests::normal_utf8_original_reader_verifies_disk_generation_not_editor_text ... ok
native	Run cargo test --workspace --locked	2026-09-18T11:43:01.0268995Z test workspace::new_document::tests::new_file_defaults_are_clean_and_changes_affect_only_later_documents ... ok
native	Run cargo test --workspace --locked	2026-09-18T11:43:01.0274805Z test workspace::new_document::tests::new_file_defaults_reject_unknown_system_code_page_without_publishing_a_tab ... ok
native	Run cargo test --workspace --locked	2026-09-18T11:43:01.0603412Z test views::tests::five_hundred_tabs_pin_reorder_and_layout_roundtrip ... ok
native	Run cargo test --workspace --locked	2026-09-18T11:43:01.0617098Z test workspace::new_document::tests::new_file_eol_conversion_before_first_enter_overrides_default_and_undo_restores_it ... ok
native	Run cargo test --workspace --locked	2026-09-18T11:43:01.0627040Z test workspace::tests::close_requires_discard_and_preserves_pending_save_target_after_tab_removal ... ok
native	Run cargo test --workspace --locked	2026-09-18T11:43:01.1055204Z test workspace::tests::conflict_selection_cycles_within_active_document_and_invalidates_on_tab_change ... ok
native	Run cargo test --workspace --locked	2026-09-18T11:43:01.1066871Z test workspace::tests::encoding_failure_reveal_rejects_offsets_after_document_changes ... ok
native	Run cargo test --workspace --locked	2026-09-18T11:43:01.1510750Z test workspace::tests::encoding_policy_undo_redo_and_untitled_save ... ok
native	Run cargo test --workspace --locked	2026-09-18T11:43:01.1527252Z test workspace::tests::find_is_worker_backed_and_navigation_preserves_document_revision ... ok
native	Run cargo test --workspace --locked	2026-09-18T11:43:01.1543010Z test workspace::tests::find_results_and_replace_actions_follow_the_bound_document_generation ... ok
native	Run cargo test --workspace --locked	2026-09-18T11:43:01.2372127Z test styling::tests::bounded_checkpoint_progress_and_revision_invalidation ... ok
native	Run cargo test --workspace --locked	2026-09-18T11:43:01.4709418Z test workspace::tests::paged_eol_counts_whole_file_and_rejects_stale_scan_results ... ok
native	Run cargo test --workspace --locked	2026-09-18T11:43:02.0267496Z test macros::tests::rename_rejects_library_budget_growth_without_changing_slot ... ok
native	Run cargo test --workspace --locked	2026-09-18T11:43:02.0387126Z test workspace::new_document::tests::new_file_defaults_save_exact_encoding_bom_and_preserve_literal_mixed_eol ... ok
native	Run cargo test --workspace --locked	2026-09-18T11:43:02.5020832Z test workspace::tests::late_paged_terminal_does_not_clear_resident_save_banner ... ok
native	Run cargo test --workspace --locked	2026-09-18T11:43:02.9006908Z test workspace::tests::paged_recovery_failed_retirement_is_retryable ... ok
native	Run cargo test --workspace --locked	2026-09-18T11:43:03.1115292Z test workspace::tests::paged_workspace_edits_undoes_navigates_and_saves ... ok
native	Run cargo test --workspace --locked	2026-09-18T11:43:03.1148148Z test workspace::tests::recovery_discovery_is_async_deduplicated_and_worker_owned ... ok
native	Run cargo test --workspace --locked	2026-09-18T11:43:03.1158787Z test workspace::tests::replace_all_is_one_undo_and_cancelled_preparation_cannot_mutate ... ok
native	Run cargo test --workspace --locked	2026-09-18T11:43:03.1203584Z test workspace::tests::readonly_paged_reload_replaces_same_tab_and_preserves_policy ... ok
native	Run cargo test --workspace --locked	2026-09-18T11:43:03.2016577Z test workspace::tests::paged_save_publishes_terminal_before_recovery_retirement_finishes ... ok
native	Run cargo test --workspace --locked	2026-09-18T11:43:03.3900896Z test workspace::tests::resident_only_operation_is_reported_unsupported_for_a_paged_editor ... ok
native	Run cargo test --workspace --locked	2026-09-18T11:43:04.2454269Z test workspace::tests::paged_recovery_restart_preserves_opaque_undo_and_recovers_stale_pointer ... ok
native	Run cargo test --workspace --locked	2026-09-18T11:43:04.2754767Z test workspace::tests::save_copy_and_restore_closed_preserve_document_identity_and_history ... ok
native	Run cargo test --workspace --locked	2026-09-18T11:43:04.3342275Z test workspace::tests::resident_and_untitled_automatic_recovery_restore_current_text ... ok
native	Run cargo test --workspace --locked	2026-09-18T11:43:04.3390353Z test workspace::tests::stale_prepared_destination_rejects_content_revision_for_resident_and_paged ... ok
native	Run cargo test --workspace --locked	2026-09-18T11:43:05.7869665Z test workspace::tests::resident_clean_undo_and_save_retire_obsolete_recovery ... ok
native	Run cargo test --workspace --locked	2026-09-18T11:43:05.7888585Z test workspace::tests::streaming_prefix_is_read_only_then_same_tab_becomes_complete ... ok
native	Run cargo test --workspace --locked	2026-09-18T11:43:05.7894435Z test workspace::tests::tracked_recovery_restore_results_are_selective_and_bounded ... ok
native	Run cargo test --workspace --locked	2026-09-18T11:43:05.7934078Z test workspace::tests::tracked_recovery_restore_worker_failure_publishes_a_consumable_terminal ... ok
native	Run cargo test --workspace --locked	2026-09-18T11:43:05.8058156Z test workspace::tests::small_recovery_restores_an_editable_untitled_document ... ok
native	Run cargo test --workspace --locked	2026-09-18T11:43:05.8076778Z test workspace::tests::tracked_missing_opens_emit_terminal_receipts_without_accumulating ... ok
native	Run cargo test --workspace --locked	2026-09-18T11:43:05.8081593Z test workspace_panel::map::tests::map_cache_is_keyed_by_document_and_revision_and_cleared_on_close ... ok
native	Run cargo test --workspace --locked	2026-09-18T11:43:05.8086497Z test workspace_panel::map::tests::partial_map_navigation_uses_bytes_and_rejects_other_documents ... ok
native	Run cargo test --workspace --locked	2026-09-18T11:43:05.8096103Z test workspace_panel::outline::tests::document_switch_discards_old_batches_and_semantic_actions ... ok
native	Run cargo test --workspace --locked	2026-09-18T11:43:05.8101911Z test workspace_panel::outline::tests::lexical_outline_ignores_comment_functions_and_rejects_other_document ... ok
native	Run cargo test --workspace --locked	2026-09-18T11:43:05.8105512Z test workspace_panel::outline::tests::toml_multiline_state_survives_chunks ... ok
native	Run cargo test --workspace --locked	2026-09-18T11:43:05.8109298Z test workspace_panel::tests::cancelled_discovery_cannot_publish_or_start_concurrent_work ... ok
native	Run cargo test --workspace --locked	2026-09-18T11:43:05.8178650Z test workspace_panel::documents::tests::five_thousand_metadata_rows_filter_sort_and_keep_tab_identity ... ok
native	Run cargo test --workspace --locked	2026-09-18T11:43:05.8325362Z test workspace_panel::tests::discovery_is_shallow_bounded_and_reports_missing_paths ... ok
native	Run cargo test --workspace --locked	2026-09-18T11:43:05.8330985Z test workspace_panel::tests::incremental_refresh_preserves_survivors_and_other_branches ... ok
native	Run cargo test --workspace --locked	2026-09-18T11:43:05.8364534Z test workspace_panel::tests::continuation_visits_excluded_entries_and_retains_position ... ok
native	Run cargo test --workspace --locked	2026-09-18T11:43:05.8897169Z test workspace::tests::verified_save_marks_clean_while_cleanup_retry_remains_owned ... ok
native	Run cargo test --workspace --locked	2026-09-18T11:43:22.9608731Z test workspace::tests::streamed_large_edit_undo_redo_restart_uses_compact_recipe_and_terminal_receipt ... ok
native	Run cargo test --workspace --locked	2026-09-18T11:43:22.9609192Z 
native	Run cargo test --workspace --locked	2026-09-18T11:43:22.9609487Z test result: ok. 152 passed; 0 failed; 0 ignored; 0 measured; 0 filtered out; finished in 22.06s
native	Run cargo test --workspace --locked	2026-09-18T11:43:22.9609815Z 
native	Run cargo test --workspace --locked	2026-09-18T11:43:22.9651729Z ^[[1m^[[92m     Running^[[0m unittests src\lib.rs (target\debug\deps\bareline_commands-950bf77a2992af9c.exe)
native	Run cargo test --workspace --locked	2026-09-18T11:43:22.9745525Z 
native	Run cargo test --workspace --locked	2026-09-18T11:43:22.9746085Z running 12 tests
native	Run cargo test --workspace --locked	2026-09-18T11:43:22.9753923Z test discovery::tests::nested_escape_restores_only_one_invoker ... ok
native	Run cargo test --workspace --locked	2026-09-18T11:43:22.9754903Z test contributions::tests::update_is_atomic_and_old_palette_identity_is_revoked ... ok
native	Run cargo test --workspace --locked	2026-09-18T11:43:22.9757836Z test discovery::tests::no_single_item_submenu_survives_from_registry ... ok
native	Run cargo test --workspace --locked	2026-09-18T11:43:22.9759092Z test discovery::tests::curated_routes_every_non_internal_command_and_hides_internal ... ok
native	Run cargo test --workspace --locked	2026-09-18T11:43:22.9761957Z test discovery::tests::scoring_prefers_prefix_titles_and_orders_save_variants ... ok
native	Run cargo test --workspace --locked	2026-09-18T11:43:22.9764052Z test keymap::tests::altgr_ime_and_dead_keys_always_reach_text_input ... ok
native	Run cargo test --workspace --locked	2026-09-18T11:43:22.9765249Z test discovery::tests::disabled_command_discoverable_but_cannot_dispatch ... ok
native	Run cargo test --workspace --locked	2026-09-18T11:43:22.9767182Z test discovery::tests::projections_and_customizations_validate_targets ... ok
native	Run cargo test --workspace --locked	2026-09-18T11:43:22.9768536Z test keymap::tests::display_labels_follow_windows_conventions ... ok
native	Run cargo test --workspace --locked	2026-09-18T11:43:22.9769596Z test keymap::tests::conflicts_fail_atomically_and_prefix_resolution_is_explicit ... ok
native	Run cargo test --workspace --locked	2026-09-18T11:43:22.9771204Z test tests::duplicate_registration_preserves_original_dispatch ... ok
native	Run cargo test --workspace --locked	2026-09-18T11:43:22.9789508Z test keymap::tests::toml_roundtrip_remap_and_bad_import_preserves_previous ... ok
native	Run cargo test --workspace --locked	2026-09-18T11:43:22.9790012Z 
native	Run cargo test --workspace --locked	2026-09-18T11:43:22.9790252Z test result: ok. 12 passed; 0 failed; 0 ignored; 0 measured; 0 filtered out; finished in 0.00s
native	Run cargo test --workspace --locked	2026-09-18T11:43:22.9790533Z 
native	Run cargo test --workspace --locked	2026-09-18T11:43:22.9809117Z ^[[1m^[[92m     Running^[[0m unittests src\lib.rs (target\debug\deps\bareline_diagnostics-a784b0df3c8d1c44.exe)
native	Run cargo test --workspace --locked	2026-09-18T11:43:22.9896042Z 
native	Run cargo test --workspace --locked	2026-09-18T11:43:22.9896626Z running 3 tests
native	Run cargo test --workspace --locked	2026-09-18T11:43:22.9900110Z test tests::instance_handoff_does_not_allow_generic_workers_or_network ... ok
native	Run cargo test --workspace --locked	2026-09-18T11:43:22.9900646Z test tests::preframe_reads_rejected_but_postframe_reads_allowed ... ok
native	Run cargo test --workspace --locked	2026-09-18T11:43:23.0038995Z test tests::panic_payload_privacy_subprocess ... ok
native	Run cargo test --workspace --locked	2026-09-18T11:43:23.0039358Z 
native	Run cargo test --workspace --locked	2026-09-18T11:43:23.0039742Z test result: ok. 3 passed; 0 failed; 0 ignored; 0 measured; 0 filtered out; finished in 0.01s
native	Run cargo test --workspace --locked	2026-09-18T11:43:23.0040484Z 
native	Run cargo test --workspace --locked	2026-09-18T11:43:23.0058136Z ^[[1m^[[92m     Running^[[0m unittests src\lib.rs (target\debug\deps\bareline_diff-2cd840b5218a8ce3.exe)
native	Run cargo test --workspace --locked	2026-09-18T11:43:23.0149635Z 
native	Run cargo test --workspace --locked	2026-09-18T11:43:23.0150180Z running 24 tests
native	Run cargo test --workspace --locked	2026-09-18T11:43:23.0153567Z test paged::tests::divergent_multi_gb_full_traversal ... ignored, explicit multi-GB throughput evidence; no giant allocation
native	Run cargo test --workspace --locked	2026-09-18T11:43:23.0159563Z test paged::tests::global_fallback_retains_verified_equal_prefix_and_suffix ... ok
native	Run cargo test --workspace --locked	2026-09-18T11:43:23.0161781Z test paged::tests::cancellation_during_multi_gb_traversal_is_acknowledged ... ok
native	Run cargo test --workspace --locked	2026-09-18T11:43:23.0162954Z test paged::tests::owned_batch_backpressure_and_undoable_paged_copy ... ok
native	Run cargo test --workspace --locked	2026-09-18T11:43:23.0165077Z test paged::tests::pending_multi_gb_cancels_without_materialization ... ok
native	Run cargo test --workspace --locked	2026-09-18T11:43:23.0166104Z test paged::tests::unavailable_is_not_coarse ... ok
native	Run cargo test --workspace --locked	2026-09-18T11:43:23.0167007Z test tests::cancellation_and_caps_are_distinct ... ok
native	Run cargo test --workspace --locked	2026-09-18T11:43:23.0168301Z test paged::tests::utf8_window_boundary_and_coarse_generated_prefix ... ok
native	Run cargo test --workspace --locked	2026-09-18T11:43:23.0171019Z test tests::full_unicode_case_folding_is_locale_independent ... ok
native	Run cargo test --workspace --locked	2026-09-18T11:43:23.0172988Z test tests::forced_normalized_hash_collisions_retain_real_differences ... ok
native	Run cargo test --workspace --locked	2026-09-18T11:43:23.0189276Z test tests::graphemes_batches_stable_anchors ... ok
native	Run cargo test --workspace --locked	2026-09-18T11:43:23.0194262Z test tests::ignore_eol_preserves_line_structure_and_rejects_bad_ranges ... ok
native	Run cargo test --workspace --locked	2026-09-18T11:43:23.0199469Z test tests::ignores_and_original_coordinates ... ok
native	Run cargo test --workspace --locked	2026-09-18T11:43:23.0202766Z test tests::incomplete_prefix_is_neither_exact_nor_applicable ... ok
native	Run cargo test --workspace --locked	2026-09-18T11:43:23.0289745Z test tests::incremental_batches_are_bounded_and_reproduce_input ... ok
native	Run cargo test --workspace --locked	2026-09-18T11:43:23.0291893Z test tests::generated_short_sequences_apply_exactly ... ok
native	Run cargo test --workspace --locked	2026-09-18T11:43:23.0302526Z test tests::preserve_full_case_expansions_keeps_original_coordinates ... ok
native	Run cargo test --workspace --locked	2026-09-18T11:43:23.0303815Z test tests::preserve_ignored_text_and_explicit_copy_policy ... ok
native	Run cargo test --workspace --locked	2026-09-18T11:43:23.0310479Z test tests::repeated_context_hunks_have_distinct_navigation_ids ... ok
native	Run cargo test --workspace --locked	2026-09-18T11:43:23.0312211Z test tests::stale_and_wrong_document ... ok
native	Run cargo test --workspace --locked	2026-09-18T11:43:23.0317858Z test tests::unicode_crlf_apply_undo ... ok
native	Run cargo test --workspace --locked	2026-09-18T11:43:23.0318614Z test tests::whitespace_and_eol_options_are_independent ... ok
native	Run cargo test --workspace --locked	2026-09-18T11:43:23.1751667Z test tests::generated_fold_mapping_round_trips_preserve_normalized_equality ... ok
native	Run cargo test --workspace --locked	2026-09-18T11:43:23.2330075Z test paged::tests::divergent_200_mb_is_one_bounded_block ... ok
native	Run cargo test --workspace --locked	2026-09-18T11:43:23.2330568Z 
native	Run cargo test --workspace --locked	2026-09-18T11:43:23.2330948Z test result: ok. 23 passed; 0 failed; 1 ignored; 0 measured; 0 filtered out; finished in 0.22s
native	Run cargo test --workspace --locked	2026-09-18T11:43:23.2331738Z 
native	Run cargo test --workspace --locked	2026-09-18T11:43:23.2351771Z ^[[1m^[[92m     Running^[[0m unittests src\lib.rs (target\debug\deps\bareline_distribution-079a64f7f3bfd6a7.exe)
native	Run cargo test --workspace --locked	2026-09-18T11:43:23.2441179Z 
native	Run cargo test --workspace --locked	2026-09-18T11:43:23.2441560Z running 6 tests
native	Run cargo test --workspace --locked	2026-09-18T11:43:23.2447674Z test cli::tests::unpaired_utf16_is_not_replaced ... ok
native	Run cargo test --workspace --locked	2026-09-18T11:43:23.2448639Z test cli::tests::lossless_paths_and_options ... ok
native	Run cargo test --workspace --locked	2026-09-18T11:43:23.2449159Z test cli::tests::invalid_coordinates_and_options ... ok
native	Run cargo test --workspace --locked	2026-09-18T11:43:23.2450840Z test importer::tests::safe_mapping_and_hostile_input ... ok
native	Run cargo test --workspace --locked	2026-09-18T11:43:23.2454551Z test update::tests::freshness_rollback_identity_and_hash_are_enforced ... ok
native	Run cargo test --workspace --locked	2026-09-18T11:43:23.2476056Z test update::tests::established_minisign_vector_and_tampering ... ok
native	Run cargo test --workspace --locked	2026-09-18T11:43:23.2476506Z 
native	Run cargo test --workspace --locked	2026-09-18T11:43:23.2476727Z test result: ok. 6 passed; 0 failed; 0 ignored; 0 measured; 0 filtered out; finished in 0.00s
native	Run cargo test --workspace --locked	2026-09-18T11:43:23.2477043Z 
native	Run cargo test --workspace --locked	2026-09-18T11:43:23.2494681Z ^[[1m^[[92m     Running^[[0m tests\root_authority.rs (target\debug\deps\root_authority-f26df3a48ca6ff87.exe)
native	Run cargo test --workspace --locked	2026-09-18T11:43:23.2582237Z 
native	Run cargo test --workspace --locked	2026-09-18T11:43:23.2582634Z running 2 tests
native	Run cargo test --workspace --locked	2026-09-18T11:43:23.2619446Z test root_rotation_requires_both_signatures_and_advances_authority ... ok
native	Run cargo test --workspace --locked	2026-09-18T11:43:23.2633940Z test signed_root_policy_rejects_revocation_expiry_and_key_id_aliases ... ok
native	Run cargo test --workspace --locked	2026-09-18T11:43:23.2634867Z 
native	Run cargo test --workspace --locked	2026-09-18T11:43:23.2635242Z test result: ok. 2 passed; 0 failed; 0 ignored; 0 measured; 0 filtered out; finished in 0.01s
native	Run cargo test --workspace --locked	2026-09-18T11:43:23.2635749Z 
native	Run cargo test --workspace --locked	2026-09-18T11:43:23.2654698Z ^[[1m^[[92m     Running^[[0m tests\signed_metadata.rs (target\debug\deps\signed_metadata-6cc0cb60197f1b8b.exe)
native	Run cargo test --workspace --locked	2026-09-18T11:43:23.2739445Z 
native	Run cargo test --workspace --locked	2026-09-18T11:43:23.2739818Z running 1 test
native	Run cargo test --workspace --locked	2026-09-18T11:43:23.2821574Z test signed_metadata_policy_vectors_and_package_tampering ... ok
native	Run cargo test --workspace --locked	2026-09-18T11:43:23.2821969Z 
native	Run cargo test --workspace --locked	2026-09-18T11:43:23.2822283Z test result: ok. 1 passed; 0 failed; 0 ignored; 0 measured; 0 filtered out; finished in 0.01s
native	Run cargo test --workspace --locked	2026-09-18T11:43:23.2822779Z 
native	Run cargo test --workspace --locked	2026-09-18T11:43:23.2841311Z ^[[1m^[[92m     Running^[[0m unittests src\lib.rs (target\debug\deps\bareline_document-4c64f6af7165de37.exe)
native	Run cargo test --workspace --locked	2026-09-18T11:43:23.2928031Z 
native	Run cargo test --workspace --locked	2026-09-18T11:43:23.2928452Z running 27 tests
native	Run cargo test --workspace --locked	2026-09-18T11:43:23.2933939Z test budget_limit_tests::lowering_shared_limit_preserves_live_claims_and_reopens_after_release ... ok
native	Run cargo test --workspace --locked	2026-09-18T11:43:23.2936696Z test history::capacity_tests::sequential_admission_has_logarithmic_capacity_growth ... ok
native	Run cargo test --workspace --locked	2026-09-18T11:43:23.2937743Z test change::tests::receipts_use_actual_ranges_and_reverse_history_without_text ... ok
native	Run cargo test --workspace --locked	2026-09-18T11:43:23.2940278Z test history::capacity_tests::trimmed_empty_slots_remain_charged_and_admitted_push_never_grows ... ok
native	Run cargo test --workspace --locked	2026-09-18T11:43:23.2941616Z test paged::lookup_feedback_tests::lookup_feedback_retains_cr_boundary_and_rejects_stale_without_growing ... ok
native	Run cargo test --workspace --locked	2026-09-18T11:43:23.2943064Z test paged::tests::materialized_multi_edit_is_atomic_and_rejects_stale_or_split_boundaries ... ok
native	Run cargo test --workspace --locked	2026-09-18T11:43:23.2946862Z test paged::tests::deleted_inverse_survives_eviction_change_and_multiple_undo_redo ... ok
native	Run cargo test --workspace --locked	2026-09-18T11:43:23.2947768Z test paged::tests::missing_generation_and_invalid_utf8_never_yield_a_complete_window ... ok
native	Run cargo test --workspace --locked	2026-09-18T11:43:23.2948647Z test paged::tests::sparse_index_is_bounded_crlf_aware_cancellable_and_state_scoped ... ok
native	Run cargo test --workspace --locked	2026-09-18T11:43:23.2949464Z test paged::tests::window_keeps_owned_prefix_across_eviction_and_split_scalar ... ok
native	Run cargo test --workspace --locked	2026-09-18T11:43:23.2954245Z test service::tests::configured_history_limit_retires_on_worker_without_changing_content ... ok
native	Run cargo test --workspace --locked	2026-09-18T11:43:23.2955233Z test service::tests::grouped_worker_commit_failure_and_linked_undo_are_atomic ... ok
native	Run cargo test --workspace --locked	2026-09-18T11:43:23.2957590Z test source::tests::eviction_and_generation_changes_never_fabricate_source_bytes ... ok
native	Run cargo test --workspace --locked	2026-09-18T11:43:23.2958410Z test source::tests::resident_seals_only_after_full_verified_fill ... ok
native	Run cargo test --workspace --locked	2026-09-18T11:43:23.2961963Z test source_transaction::lease_tests::inserted_provenance_is_validated_and_retained ... ok
native	Run cargo test --workspace --locked	2026-09-18T11:43:23.2965725Z test source_transaction::lease_tests::lease_abort_and_quota_failure_leave_revision_and_history_unchanged ... ok
native	Run cargo test --workspace --locked	2026-09-18T11:43:23.2969592Z test source_transaction::lease_tests::publish_and_history_publish_need_no_remaining_budget ... ok
native	Run cargo test --workspace --locked	2026-09-18T11:43:23.2974112Z test source_transaction::lease_tests::source_group_is_all_or_none_and_requires_complete_linked_history ... ok
native	Run cargo test --workspace --locked	2026-09-18T11:43:23.3003242Z test tests::crlf_split_at_chunk_boundary_counts_once_and_undo_owns_deleted_bytes ... ok
native	Run cargo test --workspace --locked	2026-09-18T11:43:23.3006867Z test tests::failed_batch_and_exhausted_shared_budget_do_not_commit ... ok
native	Run cargo test --workspace --locked	2026-09-18T11:43:23.3010371Z test tests::new_file_eol_is_only_a_fallback_and_survives_undo ... ok
native	Run cargo test --workspace --locked	2026-09-18T11:43:23.3026813Z test service::tests::many_documents_share_workers_and_stale_concurrent_edits_are_rejected ... ok
native	Run cargo test --workspace --locked	2026-09-18T11:43:23.3030725Z test tests::snapshot_fork_has_independent_identity_and_edits_without_copying_text ... ok
native	Run cargo test --workspace --locked	2026-09-18T11:43:23.3033760Z test tree::charged_tree_tests::shared_nodes_keep_charges_and_failed_paths_release_temporary_allocations ... ok
native	Run cargo test --workspace --locked	2026-09-18T11:43:23.3175706Z test source_transaction::lease_tests::large_validated_splice_undo_retains_ranges_without_payload_materialization ... ok
native	Run cargo test --workspace --locked	2026-09-18T11:43:24.5349968Z test change::tests::ten_thousand_carets_have_complete_edit_and_undo_receipts ... ok
native	Run cargo test --workspace --locked	2026-09-18T11:43:24.5755841Z test tests::random_edit_oracle_covers_newline_boundaries_snapshots_and_undo_redo ... ok
native	Run cargo test --workspace --locked	2026-09-18T11:43:24.5756466Z 
native	Run cargo test --workspace --locked	2026-09-18T11:43:24.5756862Z test result: ok. 27 passed; 0 failed; 0 ignored; 0 measured; 0 filtered out; finished in 1.28s
native	Run cargo test --workspace --locked	2026-09-18T11:43:24.5757331Z 
native	Run cargo test --workspace --locked	2026-09-18T11:43:24.5780617Z ^[[1m^[[92m     Running^[[0m unittests src\lib.rs (target\debug\deps\bareline_editor_surface-8e8b2971d792af30.exe)
native	Run cargo test --workspace --locked	2026-09-18T11:43:24.5901065Z 
native	Run cargo test --workspace --locked	2026-09-18T11:43:24.5901761Z running 72 tests
native	Run cargo test --workspace --locked	2026-09-18T11:43:24.5915726Z test completion::tests::closing_bracket_dedents_blank_line_to_opener_indent ... ok
native	Run cargo test --workspace --locked	2026-09-18T11:43:24.5917136Z test completion::tests::auto_dedent_declines_when_line_is_not_blank_or_has_no_opener ... ok
native	Run cargo test --workspace --locked	2026-09-18T11:43:24.5924937Z test completion::tests::enter_after_closing_brace_at_column_zero_does_not_reindent ... ok
native	Run cargo test --workspace --locked	2026-09-18T11:43:24.5933741Z test completion::tests::literal_end_does_not_enable_semantic_keywords ... ok
native	Run cargo test --workspace --locked	2026-09-18T11:43:24.5935023Z test completion::tests::mixed_comments_pairs_and_one_undo ... ok
native	Run cargo test --workspace --locked	2026-09-18T11:43:24.5942971Z test completion::tests::new_file_smart_newline_uses_configured_eol_and_undo_keeps_policy ... ok
native	Run cargo test --workspace --locked	2026-09-18T11:43:24.5944451Z test completion::tests::popup_does_not_accept_without_active_selection_and_loader_bounds ... ok
native	Run cargo test --workspace --locked	2026-09-18T11:43:24.5960266Z test completion::tests::stale_completion_and_failed_index_update_are_safe ... ok
native	Run cargo test --workspace --locked	2026-09-18T11:43:24.6030237Z test measured_columns::tests::mixed_clusters_and_tabs_keep_only_legal_byte_stops ... ok
native	Run cargo test --workspace --locked	2026-09-18T11:43:24.6035236Z test paged_power::tests::captured_comment_and_rectangle_arguments_are_explicit ... ok
native	Run cargo test --workspace --locked	2026-09-18T11:43:24.6039998Z test paged_power::tests::view_anchors_follow_actual_delta_and_undo_restores_removed_bookmarks ... ok
native	Run cargo test --workspace --locked	2026-09-18T11:43:24.6043970Z test paged_typing::tests::cancelled_and_foreign_context_never_produce_edits ... ok
native	Run cargo test --workspace --locked	2026-09-18T11:43:24.6047688Z test paged_typing::tests::huge_block_comment_uses_captured_tokens_and_only_edge_reads ... ok
native	Run cargo test --workspace --locked	2026-09-18T11:43:24.6051697Z test paged_typing::tests::huge_wrap_has_two_edge_inserts_without_reading_selection ... ok
native	Run cargo test --workspace --locked	2026-09-18T11:43:24.6054991Z test paged_typing::tests::overtype_moves_global_caret_without_history_edit ... ok
native	Run cargo test --workspace --locked	2026-09-18T11:43:24.6135829Z test columns::tests::column_worker_completion_requests_frame_without_another_input ... ok
native	Run cargo test --workspace --locked	2026-09-18T11:43:24.6249621Z test grapheme_navigation::tests::giant_cluster_uses_streamed_context_and_cancels ... ok
native	Run cargo test --workspace --locked	2026-09-18T11:43:24.6767511Z test columns::tests::streamed_columns_preserve_cross_chunk_clusters_and_checkpoint_counts ... ok
native	Run cargo test --workspace --locked	2026-09-18T11:43:24.6768734Z test paged_view::paged_spill::tests::pressure_spills_existing_paged_edit_history_and_refreshes_same_identity ... ok
native	Run cargo test --workspace --locked	2026-09-18T11:43:24.8199217Z test paged_view::peer_tests::go_to_end_resolves_to_the_last_line_once_the_index_is_complete ... ok
native	Run cargo test --workspace --locked	2026-09-18T11:43:24.8205370Z test paged_view::peer_tests::paged_adapter_reports_terminal_failure_and_wakes_after_unwind ... ok
native	Run cargo test --workspace --locked	2026-09-18T11:43:24.9204641Z test paged_view::peer_tests::global_scroll_crosses_windows_and_keeps_midline_coordinates_exact ... ok
native	Run cargo test --workspace --locked	2026-09-18T11:43:24.9850501Z test paged_view::peer_tests::horizontal_paged_line_crosses_source_windows_with_a_shaped_anchor ... ok
native	Run cargo test --workspace --locked	2026-09-18T11:43:25.0954159Z test paged_view::peer_tests::peer_owns_full_document_and_survives_other_view_close ... ok
native	Run cargo test --workspace --locked	2026-09-18T11:43:25.0990953Z test paged_view::peer_tests::paged_save_does_not_strand_another_documents_edit_and_undo ... ok
native	Run cargo test --workspace --locked	2026-09-18T11:43:25.1820596Z test paged_view::peer_tests::large_fold_projection_maps_seams_and_preserves_anchors_through_undo ... ok
native	Run cargo test --workspace --locked	2026-09-18T11:43:25.1823414Z test power::consumer::presentation_tests::spacer_mapping_hits_next_real_line_without_changing_document ... ok
native	Run cargo test --workspace --locked	2026-09-18T11:43:25.1827049Z test power::consumer::tests::hidden_lines_are_independent_of_folds_and_bytes ... ok
native	Run cargo test --workspace --locked	2026-09-18T11:43:25.1830491Z test power::consumer::tests::logical_scroll_round_trips_hidden_rows_and_horizontal_offset ... ok
native	Run cargo test --workspace --locked	2026-09-18T11:43:25.1839262Z test power::consumer::tests::receipts_are_bounded_and_invalid_replay_is_silent ... ok
native	Run cargo test --workspace --locked	2026-09-18T11:43:25.1855108Z test power::consumer::typing_metadata_tests::private_rectangle_metadata_is_versioned_and_bound_to_plain_text ... ok
native	Run cargo test --workspace --locked	2026-09-18T11:43:25.1855846Z test power::consumer::typing_metadata_tests::typing_coalesces_and_paste_keeps_an_explicit_boundary ... ok
native	Run cargo test --workspace --locked	2026-09-18T11:43:25.1930896Z test power::metadata_tests::clipboard_opt_in_caps_and_forgets ... ok
native	Run cargo test --workspace --locked	2026-09-18T11:43:25.1933590Z test power::metadata_tests::partial_tab_and_excessive_width ... ok
native	Run cargo test --workspace --locked	2026-09-18T11:43:25.1944207Z test power::streaming::tests::cancellation_and_quota_do_not_publish_partial_actor_edits ... ok
native	Run cargo test --workspace --locked	2026-09-18T11:43:25.2463174Z test power::streaming::tests::external_runs_sort_numeric_and_keep_first_eol_policy ... ok
native	Run cargo test --workspace --locked	2026-09-18T11:43:25.3855628Z test power::streaming::tests::external_unique_keeps_first_occurrence_order_across_runs ... ok
native	Run cargo test --workspace --locked	2026-09-18T11:43:25.3858812Z test power::streaming::tests::streamed_indent_includes_empty_rows_without_inventing_a_trailing_row ... ok
native	Run cargo test --workspace --locked	2026-09-18T11:43:25.3861245Z test power::streaming::tests::streamed_move_preserves_empty_rows_and_final_eol_policy ... ok
native	Run cargo test --workspace --locked	2026-09-18T11:43:25.3891949Z test power::streaming::tests::streamed_transforms_match_resident_commands_on_mixed_unicode_rows ... ok
native	Run cargo test --workspace --locked	2026-09-18T11:43:25.4445133Z test paged_view::peer_tests::staged_multicaret_input_uses_global_ranges_and_one_history_entry ... ok
native	Run cargo test --workspace --locked	2026-09-18T11:43:25.6981473Z test power::tests::collapsed_caret_on_giant_line_uses_bounded_grapheme_context ... ok
native	Run cargo test --workspace --locked	2026-09-18T11:43:25.6986372Z test power::tests::move_preserves_empty_rows ... ok
native	Run cargo test --workspace --locked	2026-09-18T11:43:25.6994152Z test power::tests::numeric_sort_of_sixty_four_mixed_rows_is_total_and_deterministic ... ok
native	Run cargo test --workspace --locked	2026-09-18T11:43:25.6997017Z test power::tests::overlap_incomplete_budget_and_mixed_eol ... ok
native	Run cargo test --workspace --locked	2026-09-18T11:43:25.7001793Z test power::tests::rectangle_unicode_tabs_short_lines_and_all_bases ... ok
native	Run cargo test --workspace --locked	2026-09-18T11:43:25.7005422Z test power::tests::selected_block_duplicate_and_rectangle_round_trip ... ok
native	Run cargo test --workspace --locked	2026-09-18T11:43:25.9110330Z test paged_view::transfer::tests::committed_group_with_failed_journal_admission_blocks_old_writer ... ok
native	Run cargo test --workspace --locked	2026-09-18T11:43:25.9114584Z test search_marks::tests::independent_styles_map_only_unchanged_matches_and_clear_separately ... ok
native	Run cargo test --workspace --locked	2026-09-18T11:43:25.9118869Z test session_language_tests::overrides_are_per_view_and_udl_is_only_a_deferred_identifier ... ok
native	Run cargo test --workspace --locked	2026-09-18T11:43:25.9128102Z test tests::actual_input_pairs_and_backspace_are_one_undo_each ... ok
native	Run cargo test --workspace --locked	2026-09-18T11:43:25.9135926Z test tests::fold_anchors_follow_acknowledged_edit_and_undo ... ok
native	Run cargo test --workspace --locked	2026-09-18T11:43:25.9138344Z test tests::fold_mapping_and_pending_restore_are_view_local ... ok
native	Run cargo test --workspace --locked	2026-09-18T11:43:25.9145400Z test tests::linked_peer_waits_for_history_before_advancing_snapshot ... ok
native	Run cargo test --workspace --locked	2026-09-18T11:43:25.9154609Z test tests::power_carets_typing_bookmarks_and_group_undo_use_committed_snapshots ... ok
native	Run cargo test --workspace --locked	2026-09-18T11:43:25.9161803Z test tests::queued_typing_ime_cancel_and_undo_use_worker_snapshots ... ok
native	Run cargo test --workspace --locked	2026-09-18T11:43:25.9164243Z test tests::scrollbar_hidden_when_content_fits ... ok
native	Run cargo test --workspace --locked	2026-09-18T11:43:25.9166432Z test tests::status_strip_segments_for_a_sample_document ... ok
native	Run cargo test --workspace --locked	2026-09-18T11:43:25.9173577Z test tests::syntax_styles_preserve_layout_geometry_and_reject_foreign_results ... ok
native	Run cargo test --workspace --locked	2026-09-18T11:43:25.9180646Z test tests::visual_navigation_settles_before_following_insert ... ok
native	Run cargo test --workspace --locked	2026-09-18T11:43:25.9183517Z test tracked_edit::tests::dropped_completion_reports_failure ... ok
native	Run cargo test --workspace --locked	2026-09-18T11:43:25.9189762Z test tracked_edit::tests::replay_transform_waits_for_actor_without_recording_itself ... ok
native	Run cargo test --workspace --locked	2026-09-18T11:43:25.9193785Z test tracked_edit::tests::resident_receipt_reports_the_actor_result_not_revision_observation ... ok
native	Run cargo test --workspace --locked	2026-09-18T11:43:25.9195233Z test tracked_edit::tests::terminal_is_shared_nonconsuming_and_first_result_wins ... ok
native	Run cargo test --workspace --locked	2026-09-18T11:43:25.9204197Z test view_geometry::tests::mapped_fold_gap_keeps_adjacent_shaped_rows_and_verified_gutter_labels ... ok
native	Run cargo test --workspace --locked	2026-09-18T11:43:25.9207353Z test view_geometry::tests::overlapping_window_retains_shaped_anchor_and_busy_wheel_delta ... ok
native	Run cargo test --workspace --locked	2026-09-18T11:43:25.9210108Z test view_geometry::tests::paged_gutter_shows_window_start_line_plus_local_index ... ok
native	Run cargo test --workspace --locked	2026-09-18T11:43:25.9212744Z test view_geometry::tests::zoom_survives_settings_reapplication_and_clone_changes_are_independent ... ok
native	Run cargo test --workspace --locked	2026-09-18T11:43:25.9220508Z test virtual_layout::tests::fragment_keeps_complex_script_context_and_backward_seek_discards_stale_result ... ok
native	Run cargo test --workspace --locked	2026-09-18T11:43:26.7048959Z test paged_view::transfer::tests::opaque_cross_document_move_restart_and_linked_undo_preserve_raw_bytes ... ok
native	Run cargo test --workspace --locked	2026-09-18T11:43:36.7765688Z test power::streaming::tests::streaming_numeric_sort_of_mixed_rows_is_total_over_two_megabytes ... ok
native	Run cargo test --workspace --locked	2026-09-18T11:43:43.3717491Z test power::tests::ten_thousand_carets_one_undo_and_grapheme_delete ... ok
native	Run cargo test --workspace --locked	2026-09-18T11:43:43.3718044Z 
native	Run cargo test --workspace --locked	2026-09-18T11:43:43.3718388Z test result: ok. 72 passed; 0 failed; 0 ignored; 0 measured; 0 filtered out; finished in 18.78s
native	Run cargo test --workspace --locked	2026-09-18T11:43:43.3718861Z 
native	Run cargo test --workspace --locked	2026-09-18T11:43:43.3755761Z ^[[1m^[[92m     Running^[[0m unittests src\lib.rs (target\debug\deps\bareline_extension_host-c0526de0d7e85789.exe)
native	Run cargo test --workspace --locked	2026-09-18T11:43:43.3880958Z 
native	Run cargo test --workspace --locked	2026-09-18T11:43:43.3881584Z running 3 tests
native	Run cargo test --workspace --locked	2026-09-18T11:43:43.3956540Z test tests::watchdog_spawn_failure_precedes_component_execution ... ok
native	Run cargo test --workspace --locked	2026-09-18T11:43:43.4215590Z test tests::oversized_memory_rejected_and_malformed_component_isolated ... ok
native	Run cargo test --workspace --locked	2026-09-18T11:43:43.4641747Z test tests::safe_component_runs_and_cpu_loop_terminates ... ok
native	Run cargo test --workspace --locked	2026-09-18T11:43:43.4642053Z 
native	Run cargo test --workspace --locked	2026-09-18T11:43:43.4642541Z test result: ok. 3 passed; 0 failed; 0 ignored; 0 measured; 0 filtered out; finished in 0.08s
native	Run cargo test --workspace --locked	2026-09-18T11:43:43.4642815Z 
native	Run cargo test --workspace --locked	2026-09-18T11:43:43.4684270Z ^[[1m^[[92m     Running^[[0m unittests src\main.rs (target\debug\deps\bareline_extension_host-79185dfaec3b45b0.exe)
native	Run cargo test --workspace --locked	2026-09-18T11:43:43.4773308Z 
native	Run cargo test --workspace --locked	2026-09-18T11:43:43.4773740Z running 0 tests
native	Run cargo test --workspace --locked	2026-09-18T11:43:43.4773933Z 
native	Run cargo test --workspace --locked	2026-09-18T11:43:43.4774169Z test result: ok. 0 passed; 0 failed; 0 ignored; 0 measured; 0 filtered out; finished in 0.00s
native	Run cargo test --workspace --locked	2026-09-18T11:43:43.4774449Z 
native	Run cargo test --workspace --locked	2026-09-18T11:43:43.4789692Z ^[[1m^[[92m     Running^[[0m tests\first_party.rs (target\debug\deps\first_party-a3facf618460b7e2.exe)
native	Run cargo test --workspace --locked	2026-09-18T11:43:43.4911581Z 
native	Run cargo test --workspace --locked	2026-09-18T11:43:43.4911967Z running 5 tests
native	Run cargo test --workspace --locked	2026-09-18T11:43:43.4913035Z test fast_release_components_cancel_and_timeout_without_poisoning_the_next_launch ... ignored, requires current wasm32-wasip2 release artifacts; use scripts/test-first-party.ps1 -Suite Fast
native	Run cargo test --workspace --locked	2026-09-18T11:43:43.4914758Z test fast_release_components_cover_semantics_permissions_and_provenance ... ignored, requires current wasm32-wasip2 release artifacts; use scripts/test-first-party.ps1 -Suite Fast
native	Run cargo test --workspace --locked	2026-09-18T11:43:43.4916602Z test fast_release_components_run_under_controlled_concurrency ... ignored, requires current wasm32-wasip2 release artifacts; use scripts/test-first-party.ps1 -Suite Fast
native	Run cargo test --workspace --locked	2026-09-18T11:43:43.4917808Z test generated_one_gib_json_validates_and_tree_reads_only_one_page ... ignored, coordinated release component gate; actual generated 1 GiB background workload
native	Run cargo test --workspace --locked	2026-09-18T11:43:43.4918886Z test hex_five_gib_goto_reads_only_visible_original_range ... ignored, coordinated release component gate; actual bounded 5 GiB Hex source
native	Run cargo test --workspace --locked	2026-09-18T11:43:43.4919354Z 
native	Run cargo test --workspace --locked	2026-09-18T11:43:43.4919570Z test result: ok. 0 passed; 0 failed; 5 ignored; 0 measured; 0 filtered out; finished in 0.00s
native	Run cargo test --workspace --locked	2026-09-18T11:43:43.4919853Z 
native	Run cargo test --workspace --locked	2026-09-18T11:43:43.4933265Z ^[[1m^[[92m     Running^[[0m tests\isolation.rs (target\debug\deps\isolation-5a21ae7f38ef301a.exe)
native	Run cargo test --workspace --locked	2026-09-18T11:43:43.5042322Z 
native	Run cargo test --workspace --locked	2026-09-18T11:43:43.5042769Z running 1 test
native	Run cargo test --workspace --locked	2026-09-18T11:43:43.6915703Z test real_authenticated_host_safe_and_cpu_loop_leave_parent_alive ... ok
native	Run cargo test --workspace --locked	2026-09-18T11:43:43.6916042Z 
native	Run cargo test --workspace --locked	2026-09-18T11:43:43.6916241Z test result: ok. 1 passed; 0 failed; 0 ignored; 0 measured; 0 filtered out; finished in 0.19s
native	Run cargo test --workspace --locked	2026-09-18T11:43:43.6916797Z 
native	Run cargo test --workspace --locked	2026-09-18T11:43:43.6936762Z ^[[1m^[[92m     Running^[[0m tests\sandbox.rs (target\debug\deps\sandbox-c03f23b6d1cea07d.exe)
native	Run cargo test --workspace --locked	2026-09-18T11:43:43.7061197Z 
native	Run cargo test --workspace --locked	2026-09-18T11:43:43.7061649Z running 1 test
native	Run cargo test --workspace --locked	2026-09-18T11:43:43.7408873Z test restricted_host_reads_its_grant_but_not_the_user_profile ... ok
native	Run cargo test --workspace --locked	2026-09-18T11:43:43.7409192Z 
native	Run cargo test --workspace --locked	2026-09-18T11:43:43.7409405Z test result: ok. 1 passed; 0 failed; 0 ignored; 0 measured; 0 filtered out; finished in 0.03s
native	Run cargo test --workspace --locked	2026-09-18T11:43:43.7409684Z 
native	Run cargo test --workspace --locked	2026-09-18T11:43:43.7431459Z ^[[1m^[[92m     Running^[[0m unittests src\lib.rs (target\debug\deps\bareline_extension_sdk-61bd68e96e01d6f2.exe)
native	Run cargo test --workspace --locked	2026-09-18T11:43:43.7523882Z 
native	Run cargo test --workspace --locked	2026-09-18T11:43:43.7524366Z running 1 test
native	Run cargo test --workspace --locked	2026-09-18T11:43:43.7526714Z test tests::manifest_has_no_implicit_grants ... ok
native	Run cargo test --workspace --locked	2026-09-18T11:43:43.7527005Z 
native	Run cargo test --workspace --locked	2026-09-18T11:43:43.7527211Z test result: ok. 1 passed; 0 failed; 0 ignored; 0 measured; 0 filtered out; finished in 0.00s
native	Run cargo test --workspace --locked	2026-09-18T11:43:43.7527514Z 
native	Run cargo test --workspace --locked	2026-09-18T11:43:43.7543047Z ^[[1m^[[92m     Running^[[0m unittests src\lib.rs (target\debug\deps\bareline_extensions_protocol-e345c9f8e6ec63c6.exe)
native	Run cargo test --workspace --locked	2026-09-18T11:43:43.7628397Z 
native	Run cargo test --workspace --locked	2026-09-18T11:43:43.7628678Z running 12 tests
native	Run cargo test --workspace --locked	2026-09-18T11:43:43.7636814Z test broker::tests::stale_and_bad_ranges_and_update_rejected ... ok
native	Run cargo test --workspace --locked	2026-09-18T11:43:43.7638049Z test broker::allocation_tests::compact_edit_count_rejected_before_allocating_elements ... ok
native	Run cargo test --workspace --locked	2026-09-18T11:43:43.7640236Z test broker::tests::background_budget_keeps_pending_work_alive_past_the_interactive_deadline ... ok
native	Run cargo test --workspace --locked	2026-09-18T11:43:43.7641167Z test broker::tests::denied_scopes_revocation_and_timeout ... ok
native	Run cargo test --workspace --locked	2026-09-18T11:43:43.7643019Z test package::tests::archive_names_reject_escape_devices_and_ads ... ok
native	Run cargo test --workspace --locked	2026-09-18T11:43:43.7646842Z test package::tests::online_unavailable_and_unsigned_catalog_rejected ... ok
native	Run cargo test --workspace --locked	2026-09-18T11:43:43.7649952Z test tests::oversized_prefix_never_reads_payload ... ok
native	Run cargo test --workspace --locked	2026-09-18T11:43:43.7653814Z test tests::truncated_and_unknown_version_rejected ... ok
native	Run cargo test --workspace --locked	2026-09-18T11:43:43.7657744Z test tests::version_one_fixture_roundtrip ... ok
native	Run cargo test --workspace --locked	2026-09-18T11:43:43.7659512Z test package::tests::duplicate_central_directory_names_fail_the_entry_count_assertion ... ok
native	Run cargo test --workspace --locked	2026-09-18T11:43:44.6016448Z test package::signed_tests::signed_offline_install_tampering_freshness_and_remove ... ok
native	Run cargo test --workspace --locked	2026-09-18T11:43:45.1522327Z test package::signed_tests::authenticated_package_mutations_reach_manifest_and_archive_guards ... ok
native	Run cargo test --workspace --locked	2026-09-18T11:43:45.1522716Z 
native	Run cargo test --workspace --locked	2026-09-18T11:43:45.1522929Z test result: ok. 12 passed; 0 failed; 0 ignored; 0 measured; 0 filtered out; finished in 1.39s
native	Run cargo test --workspace --locked	2026-09-18T11:43:45.1523208Z 
native	Run cargo test --workspace --locked	2026-09-18T11:43:45.1546641Z ^[[1m^[[92m     Running^[[0m unittests src\lib.rs (target\debug\deps\bareline_file_io-d1b873d2771a29f1.exe)
native	Run cargo test --workspace --locked	2026-09-18T11:43:45.1635150Z 
native	Run cargo test --workspace --locked	2026-09-18T11:43:45.1635465Z running 97 tests
native	Run cargo test --workspace --locked	2026-09-18T11:43:45.1700069Z test codecs::resident::tests::all_catalog_raw_bytes_survive_unchanged_and_unrelated_edits ... ok
native	Run cargo test --workspace --locked	2026-09-18T11:43:45.1703219Z test codecs::resident::tests::failures_use_current_text_offsets_after_prefix_edits ... ok
native	Run cargo test --workspace --locked	2026-09-18T11:43:45.1968952Z test codecs::resident::tests::legacy_multiscalar_unit_at_document_piece_boundary_roundtrips ... ok
native	Run cargo test --workspace --locked	2026-09-18T11:43:45.1971211Z test codecs::resident::tests::mutable_policy_cannot_relabel_original_provenance ... ok
native	Run cargo test --workspace --locked	2026-09-18T11:43:45.1973966Z test codecs::resident::tests::opaque_conversion_refuses_but_removed_opaque_does_not_poison_document ... ok
native	Run cargo test --workspace --locked	2026-09-18T11:43:45.1975613Z test codecs::state::tests::conversion_only_changes_save_target ... ok
native	Run cargo test --workspace --locked	2026-09-18T11:43:45.1978081Z test codecs::state::tests::eol_conversion_is_one_undoable_transaction_and_quota_refuses ... ok
native	Run cargo test --workspace --locked	2026-09-18T11:43:45.1979524Z test codecs::state::tests::mixed_newlines_span_chunk_boundaries ... ok
native	Run cargo test --workspace --locked	2026-09-18T11:43:45.1981484Z test codecs::tests::decoder_backpressure_retains_token ... ok
native	Run cargo test --workspace --locked	2026-09-18T11:43:45.1989193Z test codecs::tests::detection_is_bounded_and_advisory ... ok
native	Run cargo test --workspace --locked	2026-09-18T11:43:45.1991532Z test codecs::tests::encoder_backpressure_refusal_and_output_errors ... ok
native	Run cargo test --workspace --locked	2026-09-18T11:43:45.1995747Z test codecs::tests::legacy_catalog_and_true_latin1 ... ok
native	Run cargo test --workspace --locked	2026-09-18T11:43:45.1998124Z test codecs::tests::malformed_sequences_retain_raw_ranges_without_unicode_collisions ... ok
native	Run cargo test --workspace --locked	2026-09-18T11:43:45.2001039Z test codecs::tests::unicode_boundaries_bom_and_mixed_eol ... ok
native	Run cargo test --workspace --locked	2026-09-18T11:43:45.2245042Z test codecs::disk::tests::cancelled_paused_job_cleans_private_segments ... ok
native	Run cargo test --workspace --locked	2026-09-18T11:43:45.2561013Z test codecs::disk::tests::giant_logical_source_publishes_only_bounded_prefix_then_refuses_truncated_input ... ok
native	Run cargo test --workspace --locked	2026-09-18T11:43:45.2565062Z test lifecycle::authorized_read_tests::grant_travels_to_only_its_read_job_and_never_enables_the_service ... ok
native	Run cargo test --workspace --locked	2026-09-18T11:43:45.2833439Z test lifecycle::encoded_tests::destination_preflight_cancels_while_fingerprinting ... ok
native	Run cargo test --workspace --locked	2026-09-18T11:43:45.3252733Z test codecs::disk::tests::quota_pause_resumes_exact_raw_and_paged_text ... ok
native	Run cargo test --workspace --locked	2026-09-18T11:43:45.3480783Z test lifecycle::encoded_tests::streaming_quota_and_cancel_after_prefix_never_touch_source ... ok
native	Run cargo test --workspace --locked	2026-09-18T11:43:45.3482640Z test lifecycle::fault_transitions::save_owned_child ... ok
native	Run cargo test --workspace --locked	2026-09-18T11:43:45.4071355Z test lifecycle::encoded_tests::destination_consent_carries_the_captured_version_into_commit ... ok
native	Run cargo test --workspace --locked	2026-09-18T11:43:45.6146835Z test lifecycle::encoded_tests::paged_quota_receipt_resumes_and_staged_save_preserves_raw_without_materialization ... ok
native	Run cargo test --workspace --locked	2026-09-18T11:43:45.6765869Z test owned_cache::tests::deletion_visits_and_later_skips_share_one_entry_cap ... ok
native	Run cargo test --workspace --locked	2026-09-18T11:43:45.8336845Z test owned_cache::tests::directory_identity_change_retains_owner_record_and_payload ... ok
native	Run cargo test --workspace --locked	2026-09-18T11:43:45.8786093Z test owned_cache::tests::exact_registry_and_producer_grammar_are_required ... ok
native	Run cargo test --workspace --locked	2026-09-18T11:43:45.9276676Z test owned_cache::tests::invalid_primary_without_valid_fallback_is_retained ... ok
native	Run cargo test --workspace --locked	2026-09-18T11:43:45.9279265Z test owned_cache::tests::producer_root_resolution_requires_exact_registered_authority ... ok
native	Run cargo test --workspace --locked	2026-09-18T11:43:46.0400290Z test lifecycle::encoded_tests::unicode_streaming_prefix_save_and_refused_conversion_preserve_disk ... ok
native	Run cargo test --workspace --locked	2026-09-18T11:43:46.0598734Z test owned_cache::tests::recursive_entry_budget_retains_owner_record ... ok
native	Run cargo test --workspace --locked	2026-09-18T11:43:46.1125631Z test owned_cache::tests::retained_cleanup_receipt_remains_valid_retry_authority ... ok
native	Run cargo test --workspace --locked	2026-09-18T11:43:46.2826991Z test owned_cache::tests::unknown_failure_and_cancellation_retain_record_for_retry ... ok
native	Run cargo test --workspace --locked	2026-09-18T11:43:46.5766500Z test owned_cache::tests::sweep_removes_only_proven_unreferenced_definitely_dead_cache ... ok
native	Run cargo test --workspace --locked	2026-09-18T11:43:46.6539100Z test lifecycle::fault_transitions::save_storage_full_transitions ... ok
native	Run cargo test --workspace --locked	2026-09-18T11:43:46.7016456Z test paged_recovery::quota_tests::empty_owned_recipe_still_consumes_quota_and_failed_prepare_cleans_files ... ok
native	Run cargo test --workspace --locked	2026-09-18T11:43:46.7953459Z test owned_store::registered_producer_tests::resident_and_original_baseline_route_nested_transcodes_to_exact_registered_root ... ok
native	Run cargo test --workspace --locked	2026-09-18T11:43:46.9860075Z test paged_service::lifecycle_contract_tests::document_release_gate_preserves_predicate_across_notification_orderings ... ok
native	Run cargo test --workspace --locked	2026-09-18T11:43:47.0312369Z test paged_recovery::sweep_tests::sweep_removes_abandoned_journals_and_keeps_live_and_referenced_ones ... ok
native	Run cargo test --workspace --locked	2026-09-18T11:43:47.2616903Z test lifecycle::fault_transitions::save_process_death_transitions ... ok
native	Run cargo test --workspace --locked	2026-09-18T11:43:47.2880153Z test paged_service::lifecycle_contract_tests::encoding_diagnostic_tracks_latest_save_attempt_and_clears_on_success ... ok
native	Run cargo test --workspace --locked	2026-09-18T11:43:47.3834319Z test profile_migration::tests::canonical_tree_hash_distinguishes_equal_size_equal_count_structures ... ok
native	Run cargo test --workspace --locked	2026-09-18T11:43:47.4016562Z test paged_service::lifecycle_contract_tests::headless_client_gets_exact_copy_and_generation_fenced_terminal_receipt ... ok
native	Run cargo test --workspace --locked	2026-09-18T11:43:47.4437908Z test paged_service::lifecycle_contract_tests::committed_save_survives_concurrent_edit_and_retains_cleanup_authority ... ok
native	Run cargo test --workspace --locked	2026-09-18T11:43:47.6443509Z test profile_migration::tests::authority_handles_local_only_and_damaged_journal_without_empty_report_fallback ... ok
native	Run cargo test --workspace --locked	2026-09-18T11:43:47.6973426Z test profile_migration::tests::divergent_destination_is_a_lossless_conflict ... ok
native	Run cargo test --workspace --locked	2026-09-18T11:43:47.9980731Z test profile_migration::tests::changed_source_is_rechecked_and_retained_before_retirement ... ok
native	Run cargo test --workspace --locked	2026-09-18T11:43:48.0202083Z test profile_migration::tests::deep_tree_depth_limit_retains_source ... ok
native	Run cargo test --workspace --locked	2026-09-18T11:43:48.0539087Z test profile_migration::tests::flat_tree_entry_limit_retains_source ... ok
native	Run cargo test --workspace --locked	2026-09-18T11:43:48.3429639Z test profile_migration::tests::locked_item_retries_after_local_root_and_journal_exist ... ok
native	Run cargo test --workspace --locked	2026-09-18T11:43:48.7024574Z test profile_migration::tests::publication_failure_resumes_from_verified_stage_without_removing_source ... ok
native	Run cargo test --workspace --locked	2026-09-18T11:43:48.8952801Z test profile_migration::tests::published_directory_is_retained_by_policy_without_a_retry_loop ... ok
native	Run cargo test --workspace --locked	2026-09-18T11:43:48.9336024Z test profile_migration::tests::unverified_published_tree_keeps_legacy_authority_until_a_verified_retry ... ok
native	Run cargo test --workspace --locked	2026-09-18T11:43:48.9399228Z test profile_migration::tests::verified_second_pass_retires_source_to_local_provenance ... ok
native	Run cargo test --workspace --locked	2026-09-18T11:43:48.9573682Z test recovery::streaming::tests::staging_utf8_boundary_quota_and_cancel_fail_before_publication ... ok
native	Run cargo test --workspace --locked	2026-09-18T11:43:49.0366976Z test recovery::streaming::tests::zero_payload_admits_metadata_and_frame_bytes_before_creating_segment ... ok
native	Run cargo test --workspace --locked	2026-09-18T11:43:49.0811426Z test recovery::tests::baseline_read_failure_never_publishes_a_partial_seal ... ok
native	Run cargo test --workspace --locked	2026-09-18T11:43:49.7464805Z test recovery::tests::changed_baseline_and_cancellation_leave_honest_edits_only_export ... ok
native	Run cargo test --workspace --locked	2026-09-18T11:43:50.3957303Z test recovery::tests::corrupt_baseline_and_inverse_fail_without_leaving_complete_copy ... ok
native	Run cargo test --workspace --locked	2026-09-18T11:43:50.6671066Z test recovery::tests::checkpoint_interruptions_keep_committed_references_and_previous_manifest ... ok
native	Run cargo test --workspace --locked	2026-09-18T11:43:50.6672430Z test recovery::tests::crc32c_known_vector ... ok
native	Run cargo test --workspace --locked	2026-09-18T11:43:50.8112920Z test recovery::tests::checkpoint_watermark_detects_empty_and_clean_boundary_truncation ... ok
native	Run cargo test --workspace --locked	2026-09-18T11:43:50.8855579Z test recovery::tests::corrupt_tail_replays_valid_prefix_and_missing_segments_are_not_claimed ... ok
native	Run cargo test --workspace --locked	2026-09-18T11:43:51.1184171Z test recovery::tests::discard_is_durable_and_prevents_live_writer_and_recovery ... ok
native	Run cargo test --workspace --locked	2026-09-18T11:43:51.1932705Z test recovery::tests::duplicate_writer_and_invalid_offsets_are_refused ... ok
native	Run cargo test --workspace --locked	2026-09-18T11:43:51.2986224Z test recovery::tests::garbage_collection_requires_tombstone_and_preserves_traced_live_segments ... ok
native	Run cargo test --workspace --locked	2026-09-18T11:43:51.2988283Z test recovery::tests::schedule_uses_first_edit_deadline_and_preserves_newer_edits_on_receipt ... ok
native	Run cargo test --workspace --locked	2026-09-18T11:43:51.5756450Z test recovery::tests::prepared_baseline_preserves_concurrent_receipts_and_rejects_other_writer ... ok
native	Run cargo test --workspace --locked	2026-09-18T11:43:51.7002262Z test recovery::tests::sealed_recovery_is_independent_and_never_overwrites_destination ... ok
native	Run cargo test --workspace --locked	2026-09-18T11:43:51.7007610Z test recovery_retirement::tests::cleanup_warnings_stay_with_the_originating_workspace ... ok
native	Run cargo test --workspace --locked	2026-09-18T11:43:51.7605761Z test recovery::tests::stale_checkpoint_stage_does_not_block_durable_discard ... ok
native	Run cargo test --workspace --locked	2026-09-18T11:43:51.7881757Z test recovery::tests::interruptions_never_acknowledge_unflushed_revision_and_prefix_remains_recoverable ... ok
native	Run cargo test --workspace --locked	2026-09-18T11:43:52.3805565Z test resident_recovery::journal_tests::checkpoint_waits_for_retirement_acknowledgment_before_reusing_a_slot ... ok
native	Run cargo test --workspace --locked	2026-09-18T11:43:52.4823711Z test recovery_retirement::tests::delayed_drain_failed_tombstone_and_retained_cleanup_are_truthful ... ok
native	Run cargo test --workspace --locked	2026-09-18T11:43:52.5628880Z test recovery_retirement::tests::final_cleanup_hold_drop_cannot_miss_receipt_registration ... ok
native	Run cargo test --workspace --locked	2026-09-18T11:43:54.3385287Z test resident_recovery::journal_tests::discard_removes_every_generation_even_mid_rotation ... ok
native	Run cargo test --workspace --locked	2026-09-18T11:43:54.3389265Z test session::language_selection_tests::per_view_language_roundtrip_and_legacy_default ... ok
native	Run cargo test --workspace --locked	2026-09-18T11:43:54.3393611Z test session::tests::ambiguous_entry_fields_are_skipped_but_global_corruption_stays_fatal ... ok
native	Run cargo test --workspace --locked	2026-09-18T11:43:54.3400637Z test session::tests::bottom_panel_layout_round_trips_and_rejects_unbounded_state ... ok
native	Run cargo test --workspace --locked	2026-09-18T11:43:54.3603744Z test resident_recovery::journal_tests::next_durable_checkpoint_retires_the_previous_one_on_an_untitled_document ... ok
native	Run cargo test --workspace --locked	2026-09-18T11:43:54.4408196Z test session::tests::bounded_entry_failure_does_not_consume_following_valid_document ... ok
native	Run cargo test --workspace --locked	2026-09-18T11:43:54.4626945Z test session::tests::five_hundred_tabs_order_without_document_io ... ok
native	Run cargo test --workspace --locked	2026-09-18T11:43:54.4632988Z test session::tests::invalid_layout_falls_back_without_losing_documents ... ok
native	Run cargo test --workspace --locked	2026-09-18T11:43:54.4652910Z test session::tests::malformed_and_oversized_manifests_fail_closed ... ok
native	Run cargo test --workspace --locked	2026-09-18T11:43:54.4656587Z test session::tests::missing_storage_reports_error ... ok
native	Run cargo test --workspace --locked	2026-09-18T11:43:54.4664013Z test session::tests::mixed_corrupt_entries_preserve_ids_order_views_and_safe_references ... ok
native	Run cargo test --workspace --locked	2026-09-18T11:43:54.4672164Z test session::tests::round_trip_and_migration_preserve_views_and_paths ... ok
native	Run cargo test --workspace --locked	2026-09-18T11:43:54.4678785Z test session::tests::window_placement_round_trips_and_absent_window_decodes ... ok
native	Run cargo test --workspace --locked	2026-09-18T11:43:54.4691862Z test source::tests::gigabyte_source_reads_requested_page_only_and_fails_closed_after_truncation ... ok
native	Run cargo test --workspace --locked	2026-09-18T11:43:54.4721281Z test source::tests::resident_seals_and_cancelled_missing_pages_are_unavailable ... ok
native	Run cargo test --workspace --locked	2026-09-18T11:43:54.5489228Z test source::tests::streaming_resident_publishes_prefix_before_eof_and_preserves_utf8_bom ... ok
native	Run cargo test --workspace --locked	2026-09-18T11:43:54.5496834Z test tail::tests::cancellation_and_scroll_pause_are_independent ... ok
native	Run cargo test --workspace --locked	2026-09-18T11:43:54.5510641Z test tail::tests::partial_page_append_verified_and_new_generation_created ... ok
native	Run cargo test --workspace --locked	2026-09-18T11:43:54.5526551Z test tail::tests::rewrite_and_truncate_never_accepted ... ok
native	Run cargo test --workspace --locked	2026-09-18T11:43:54.6123319Z test session::tests::failed_publication_preserves_original_and_corruption_recovers_previous ... ok
native	Run cargo test --workspace --locked	2026-09-18T11:43:55.0224532Z test tail::tests::segmented_follow_completes_split_scalar_and_unlocks_fixed_generation ... ok
native	Run cargo test --workspace --locked	2026-09-18T11:43:56.0953497Z test recovery::streaming::tests::large_payload_is_durable_and_replayed_as_bounded_sources ... ok
native	Run cargo test --workspace --locked	2026-09-18T11:44:08.3691396Z test resident_recovery::journal_tests::fifty_checkpoints_keep_at_most_two_journal_directories ... ok
native	Run cargo test --workspace --locked	2026-09-18T11:44:08.3691788Z 
native	Run cargo test --workspace --locked	2026-09-18T11:44:08.3692004Z test result: ok. 97 passed; 0 failed; 0 ignored; 0 measured; 0 filtered out; finished in 23.21s
native	Run cargo test --workspace --locked	2026-09-18T11:44:08.3692517Z 
native	Run cargo test --workspace --locked	2026-09-18T11:44:08.3724700Z ^[[1m^[[92m     Running^[[0m tests\recovery_process_death.rs (target\debug\deps\recovery_process_death-75839f52170b602c.exe)
native	Run cargo test --workspace --locked	2026-09-18T11:44:08.3814038Z 
native	Run cargo test --workspace --locked	2026-09-18T11:44:08.3814440Z running 3 tests
native	Run cargo test --workspace --locked	2026-09-18T11:44:08.3817534Z test recovery_owned_child ... ok
native	Run cargo test --workspace --locked	2026-09-18T11:44:10.1498225Z test recovery_storage_full_boundaries_preserve_matching_history ... ok
native	Run cargo test --workspace --locked	2026-09-18T11:44:10.2804671Z test recovery_process_death_boundaries_preserve_matching_history ... ok
native	Run cargo test --workspace --locked	2026-09-18T11:44:10.2804993Z 
native	Run cargo test --workspace --locked	2026-09-18T11:44:10.2805196Z test result: ok. 3 passed; 0 failed; 0 ignored; 0 measured; 0 filtered out; finished in 1.90s
native	Run cargo test --workspace --locked	2026-09-18T11:44:10.2805466Z 
native	Run cargo test --workspace --locked	2026-09-18T11:44:10.2824610Z ^[[1m^[[92m     Running^[[0m unittests src\lib.rs (target\debug\deps\bareline_first_party_common-6be5f6d11cee3aaa.exe)
native	Run cargo test --workspace --locked	2026-09-18T11:44:10.2910561Z 
native	Run cargo test --workspace --locked	2026-09-18T11:44:10.2911094Z running 1 test
native	Run cargo test --workspace --locked	2026-09-18T11:44:10.2914476Z test staging_tests::abandoned_stage_cancels_but_successful_commit_does_not ... ok
native	Run cargo test --workspace --locked	2026-09-18T11:44:10.2914895Z 
native	Run cargo test --workspace --locked	2026-09-18T11:44:10.2915215Z test result: ok. 1 passed; 0 failed; 0 ignored; 0 measured; 0 filtered out; finished in 0.00s
native	Run cargo test --workspace --locked	2026-09-18T11:44:10.2915672Z 
native	Run cargo test --workspace --locked	2026-09-18T11:44:10.2930851Z ^[[1m^[[92m     Running^[[0m unittests src\lib.rs (target\debug\deps\bareline_hex_view-bc53128a0ef7a9a9.exe)
native	Run cargo test --workspace --locked	2026-09-18T11:44:10.3009760Z 
native	Run cargo test --workspace --locked	2026-09-18T11:44:10.3010010Z running 2 tests
native	Run cargo test --workspace --locked	2026-09-18T11:44:10.3013693Z test tests::gaps_and_utf16_are_original_bytes ... ok
native	Run cargo test --workspace --locked	2026-09-18T11:44:10.3014143Z test tests::five_gb_view_is_bounded_and_goto_constant_work ... ok
native	Run cargo test --workspace --locked	2026-09-18T11:44:10.3014355Z 
native	Run cargo test --workspace --locked	2026-09-18T11:44:10.3014546Z test result: ok. 2 passed; 0 failed; 0 ignored; 0 measured; 0 filtered out; finished in 0.00s
native	Run cargo test --workspace --locked	2026-09-18T11:44:10.3014810Z 
native	Run cargo test --workspace --locked	2026-09-18T11:44:10.3027975Z ^[[1m^[[92m     Running^[[0m unittests src\lib.rs (target\debug\deps\bareline_json_tools-83c3357ada33ff2d.exe)
native	Run cargo test --workspace --locked	2026-09-18T11:44:10.3106201Z 
native	Run cargo test --workspace --locked	2026-09-18T11:44:10.3106436Z running 9 tests
native	Run cargo test --workspace --locked	2026-09-18T11:44:10.3112851Z test tests::numeric_fidelity ... ok
native	Run cargo test --workspace --locked	2026-09-18T11:44:10.3116304Z test tests::read_failure_is_reported ... ok
native	Run cargo test --workspace --locked	2026-09-18T11:44:10.3119061Z test tests::malformed_positions_and_limits ... ok
native	Run cargo test --workspace --locked	2026-09-18T11:44:10.3170388Z test tree::tests::continuation_inside_large_string_is_explicit ... ok
native	Run cargo test --workspace --locked	2026-09-18T11:44:10.3173483Z test tree::tests::malformed_cursor_rejected ... ok
native	Run cargo test --workspace --locked	2026-09-18T11:44:10.3199463Z test tree::tests::pages_bound_reads_and_expose_real_nodes ... ok
native	Run cargo test --workspace --locked	2026-09-18T11:44:10.3209343Z test tests::tree_is_bounded ... ok
native	Run cargo test --workspace --locked	2026-09-18T11:44:10.3711375Z test tests::ascii_spans_preserve_invalid_byte_offsets_and_lines ... ok
native	Run cargo test --workspace --locked	2026-09-18T11:44:10.3842837Z test tests::ascii_spans_preserve_lexemes_across_special_byte_boundaries ... ok
native	Run cargo test --workspace --locked	2026-09-18T11:44:10.3843299Z 
native	Run cargo test --workspace --locked	2026-09-18T11:44:10.3843614Z test result: ok. 9 passed; 0 failed; 0 ignored; 0 measured; 0 filtered out; finished in 0.07s
native	Run cargo test --workspace --locked	2026-09-18T11:44:10.3844063Z 
native	Run cargo test --workspace --locked	2026-09-18T11:44:10.3862155Z ^[[1m^[[92m     Running^[[0m unittests src\lib.rs (target\debug\deps\bareline_lexilla_bridge-7184db09430ea8a1.exe)
native	Run cargo test --workspace --locked	2026-09-18T11:44:10.3953683Z 
native	Run cargo test --workspace --locked	2026-09-18T11:44:10.3953953Z running 10 tests
native	Run cargo test --workspace --locked	2026-09-18T11:44:10.3961709Z test sessions::cancellation_invalidates_opaque_state ... ok
native	Run cargo test --workspace --locked	2026-09-18T11:44:10.3965023Z test cpp_profiles::language_profiles_keep_raw_and_template_contents_in_strings ... ok
native	Run cargo test --workspace --locked	2026-09-18T11:44:10.3983939Z test cancellation_progress::interrupts_inside_each_real_lexer ... ok
native	Run cargo test --workspace --locked	2026-09-18T11:44:10.3989171Z test sessions::unretained_comment_lookbehind_is_unavailable ... ok
native	Run cargo test --workspace --locked	2026-09-18T11:44:10.3996340Z test tests::actual_lexers_style_multiline_fixtures ... ok
native	Run cargo test --workspace --locked	2026-09-18T11:44:10.4001697Z test tests::ffi_rejects_bad_names_quotas_and_cancellation ... ok
native	Run cargo test --workspace --locked	2026-09-18T11:44:10.4006044Z test tests::utf8_crlf_empty_and_nul_are_bounded ... ok
native	Run cargo test --workspace --locked	2026-09-18T11:44:10.4009761Z test sessions::every_session_binding_styles_and_cancels_through_absolute_accessors ... ok
native	Run cargo test --workspace --locked	2026-09-18T11:44:10.4062092Z test accessor_fuzz::every_idocument_accessor_handles_generated_and_boundary_inputs ... ok
native	Run cargo test --workspace --locked	2026-09-18T11:44:10.4098301Z test sessions::rolling_absolute_windows_match_one_pass ... ok
native	Run cargo test --workspace --locked	2026-09-18T11:44:10.4098670Z 
native	Run cargo test --workspace --locked	2026-09-18T11:44:10.4098871Z test result: ok. 10 passed; 0 failed; 0 ignored; 0 measured; 0 filtered out; finished in 0.01s
native	Run cargo test --workspace --locked	2026-09-18T11:44:10.4099138Z 
native	Run cargo test --workspace --locked	2026-09-18T11:44:10.4118025Z ^[[1m^[[92m     Running^[[0m unittests src\lib.rs (target\debug\deps\bareline_macros-b71d215f072bf15b.exe)
native	Run cargo test --workspace --locked	2026-09-18T11:44:10.4202486Z 
native	Run cargo test --workspace --locked	2026-09-18T11:44:10.4202762Z running 11 tests
native	Run cargo test --workspace --locked	2026-09-18T11:44:10.4209629Z test process::tests::shell_mode_refuses_command_metacharacters_in_expanded_placeholders ... ok
native	Run cargo test --workspace --locked	2026-09-18T11:44:10.4211159Z test process::tests::direct_placeholders_keep_quotes_metacharacters_and_native_paths_literal ... ok
native	Run cargo test --workspace --locked	2026-09-18T11:44:10.4212258Z test process::tests::grants_and_launch_errors_are_visible_without_starting_a_process ... ok
native	Run cargo test --workspace --locked	2026-09-18T11:44:10.4213077Z test process::tests::shell_mode_runs_in_the_workspace_root_not_the_document_folder ... ok
native	Run cargo test --workspace --locked	2026-09-18T11:44:10.4215972Z test tests::failed_command_resumes_exact_location_and_cancel_stops ... ok
native	Run cargo test --workspace --locked	2026-09-18T11:44:10.4216848Z test tests::ghost_typing_is_nonblocking_and_iteration_guard_cannot_resume_out_of_bounds ... ok
native	Run cargo test --workspace --locked	2026-09-18T11:44:10.4226471Z test tests::serialized_bound_and_name_validation_do_not_discard_recording ... ok
native	Run cargo test --workspace --locked	2026-09-18T11:44:10.4230526Z test tests::until_eof_stops_without_dispatch_at_eof_and_detects_no_progress ... ok
native	Run cargo test --workspace --locked	2026-09-18T11:44:10.4231562Z test tests::persistence_recording_and_repeat_preserve_normalized_text ... ok
native	Run cargo test --workspace --locked	2026-09-18T11:44:10.4473639Z test process::tests::tiny_reads_and_repeated_placeholders_respect_allocation_budgets ... ok
native	Run cargo test --workspace --locked	2026-09-18T11:44:10.4528235Z test process::tests::gigabyte_output_budget_stays_bounded_without_materializing_fixture ... ok
native	Run cargo test --workspace --locked	2026-09-18T11:44:10.4528779Z 
native	Run cargo test --workspace --locked	2026-09-18T11:44:10.4529111Z test result: ok. 11 passed; 0 failed; 0 ignored; 0 measured; 0 filtered out; finished in 0.03s
native	Run cargo test --workspace --locked	2026-09-18T11:44:10.4529568Z 
native	Run cargo test --workspace --locked	2026-09-18T11:44:10.4550777Z ^[[1m^[[92m     Running^[[0m unittests src\lib.rs (target\debug\deps\bareline_platform-2308cddd38368f51.exe)
native	Run cargo test --workspace --locked	2026-09-18T11:44:10.4638002Z 
native	Run cargo test --workspace --locked	2026-09-18T11:44:10.4638457Z running 15 tests
native	Run cargo test --workspace --locked	2026-09-18T11:44:10.4645438Z test clipboard::tests::external_envelopes_reject_truncation_and_untrusted_lengths ... ok
native	Run cargo test --workspace --locked	2026-09-18T11:44:10.4646423Z test executor::tests::failed_worker_spawn_exposes_reduced_capacity ... ok
native	Run cargo test --workspace --locked	2026-09-18T11:44:10.4648671Z test executor::tests::fifo_order_prevents_bulk_starvation ... ok
native	Run cargo test --workspace --locked	2026-09-18T11:44:10.4650118Z test executor::tests::drop_closes_without_waiting_for_gated_work_then_worker_exits ... ok
native	Run cargo test --workspace --locked	2026-09-18T11:44:10.4652579Z test executor::tests::total_queue_cap_and_closed_pool_are_typed ... ok
native	Run cargo test --workspace --locked	2026-09-18T11:44:10.4654512Z test executor::tests::idle_worker_takes_next_fifo_job ... ok
native	Run cargo test --workspace --locked	2026-09-18T11:44:10.4655251Z test paths::tests::base64_vectors_and_malformed_input ... ok
native	Run cargo test --workspace --locked	2026-09-18T11:44:10.4656473Z test paths::tests::native_non_unicode_identity_round_trips_without_display ... ok
native	Run cargo test --workspace --locked	2026-09-18T11:44:10.4657791Z test paths::tests::both_identity_encodings_preserve_opaque_values ... ok
native	Run cargo test --workspace --locked	2026-09-18T11:44:10.4658438Z test readiness::tests::primary_follows_native_keyboard_conventions ... ok
native	Run cargo test --workspace --locked	2026-09-18T11:44:10.4660465Z test paths::tests::version_and_platform_are_not_guessed ... ok
native	Run cargo test --workspace --locked	2026-09-18T11:44:10.4661410Z test remote_read::tests::exact_action_once_and_revocation_before_any_io ... ok
native	Run cargo test --workspace --locked	2026-09-18T11:44:10.4661970Z test remote_read::tests::expired_and_cancelled_admission_refuses ... ok
native	Run cargo test --workspace --locked	2026-09-18T11:44:10.4662435Z test tests::session_network_origin_never_grants_access ... ok
native	Run cargo test --workspace --locked	2026-09-18T11:44:10.4662935Z test paths::tests::validation_rejects_nul_and_oversized_state ... ok
native	Run cargo test --workspace --locked	2026-09-18T11:44:10.4663230Z 
native	Run cargo test --workspace --locked	2026-09-18T11:44:10.4663502Z test result: ok. 15 passed; 0 failed; 0 ignored; 0 measured; 0 filtered out; finished in 0.00s
native	Run cargo test --workspace --locked	2026-09-18T11:44:10.4663899Z 
native	Run cargo test --workspace --locked	2026-09-18T11:44:10.4679246Z ^[[1m^[[92m     Running^[[0m unittests src\lib.rs (target\debug\deps\bareline_platform_linux-b75df0397f6941ee.exe)
native	Run cargo test --workspace --locked	2026-09-18T11:44:10.4762464Z 
native	Run cargo test --workspace --locked	2026-09-18T11:44:10.4762677Z running 2 tests
native	Run cargo test --workspace --locked	2026-09-18T11:44:10.4766162Z test tests::dialogs_and_menus_are_explicitly_unavailable ... ok
native	Run cargo test --workspace --locked	2026-09-18T11:44:10.4766825Z test tests::recording_remains_usable_when_native_menus_are_unsupported ... ok
native	Run cargo test --workspace --locked	2026-09-18T11:44:10.4767226Z 
native	Run cargo test --workspace --locked	2026-09-18T11:44:10.4767468Z test result: ok. 2 passed; 0 failed; 0 ignored; 0 measured; 0 filtered out; finished in 0.00s
native	Run cargo test --workspace --locked	2026-09-18T11:44:10.4767742Z 
native	Run cargo test --workspace --locked	2026-09-18T11:44:10.4783767Z ^[[1m^[[92m     Running^[[0m unittests src\lib.rs (target\debug\deps\bareline_platform_macos-7b2dd3e7fd2ca4e7.exe)
native	Run cargo test --workspace --locked	2026-09-18T11:44:10.4864791Z 
native	Run cargo test --workspace --locked	2026-09-18T11:44:10.4864998Z running 2 tests
native	Run cargo test --workspace --locked	2026-09-18T11:44:10.4868348Z test tests::dialogs_and_menus_are_explicitly_unavailable ... ok
native	Run cargo test --workspace --locked	2026-09-18T11:44:10.4868839Z test tests::recording_remains_usable_when_native_menus_are_unsupported ... ok
native	Run cargo test --workspace --locked	2026-09-18T11:44:10.4869094Z 
native	Run cargo test --workspace --locked	2026-09-18T11:44:10.4869278Z test result: ok. 2 passed; 0 failed; 0 ignored; 0 measured; 0 filtered out; finished in 0.00s
native	Run cargo test --workspace --locked	2026-09-18T11:44:10.4869538Z 
native	Run cargo test --workspace --locked	2026-09-18T11:44:10.4883891Z ^[[1m^[[92m     Running^[[0m unittests src\lib.rs (target\debug\deps\bareline_platform_windows-2295b367e40e7795.exe)
native	Run cargo test --workspace --locked	2026-09-18T11:44:10.5305157Z 
native	Run cargo test --workspace --locked	2026-09-18T11:44:10.5305668Z running 101 tests
native	Run cargo test --workspace --locked	2026-09-18T11:44:10.5311909Z test accessibility::tests::native_host_focus_excludes_other_windows_and_native_menu_loops ... ok
native	Run cargo test --workspace --locked	2026-09-18T11:44:10.5313815Z test accessibility::tests::hard_lines_and_trailing_empty_line_keep_selection_identity ... ok
native	Run cargo test --workspace --locked	2026-09-18T11:44:10.5315170Z test accessibility::tests::provider_actions_map_to_absolute_bytes_without_document_reads ... ok
native	Run cargo test --workspace --locked	2026-09-18T11:44:10.5316717Z test accessibility::tests::invalid_native_handle_is_rejected_without_subclassing ... ok
native	Run cargo test --workspace --locked	2026-09-18T11:44:10.5318102Z test accessibility::tests::provider_tree_maps_tab_list_and_selected_tab ... ok
native	Run cargo test --workspace --locked	2026-09-18T11:44:10.5319056Z test accessibility::tests::provider_tree_exposes_bounded_text_and_caret ... ok
native	Run cargo test --workspace --locked	2026-09-18T11:44:10.5325153Z test accessibility::text_provider::identity_tests::com_active_composition_and_virtual_document_share_offsets ... ok
native	Run cargo test --workspace --locked	2026-09-18T11:44:10.5329091Z test accessibility::text_provider::identity_tests::com_ranges_clone_move_select_and_reject_stale_or_foreign_sources ... ok
native	Run cargo test --workspace --locked	2026-09-18T11:44:10.5331197Z test accessibility::text_provider::identity_tests::legacy_virtual_source_remains_available_without_a_bounded_text_run ... ok
native	Run cargo test --workspace --locked	2026-09-18T11:44:10.5333156Z test accessibility::text_provider::identity_tests::com_visible_ranges_preserve_source_mapped_footer_across_large_fold ... ok
native	Run cargo test --workspace --locked	2026-09-18T11:44:10.5334307Z test accessibility::text_provider::identity_tests::mixed_source_and_selection_publication_is_unavailable ... ok
native	Run cargo test --workspace --locked	2026-09-18T11:44:10.5335329Z test accessibility::text_provider::identity_tests::page_targets_never_split_combining_or_emoji_clusters ... ok
native	Run cargo test --workspace --locked	2026-09-18T11:44:10.5336482Z test accessibility::text_provider::identity_tests::pane_sources_keep_independent_selection_and_retire_by_owner ... ok
native	Run cargo test --workspace --locked	2026-09-18T11:44:10.5338328Z test accessibility::text_provider::identity_tests::queued_text_actions_retain_the_validated_revision ... ok
native	Run cargo test --workspace --locked	2026-09-18T11:44:10.5339650Z test accessibility::text_provider::identity_tests::unicode_find_preserves_expanded_original_boundaries_and_overlap ... ok
native	Run cargo test --workspace --locked	2026-09-18T11:44:10.5340984Z test accessibility::text_provider::identity_tests::virtual_preedit_read_crosses_both_seams_without_changing_source ... ok
native	Run cargo test --workspace --locked	2026-09-18T11:44:10.5342033Z test extension_transport::tests::contained_child_for_guard_transfer_failure ... ignored, controlled contained subprocess fixture
native	Run cargo test --workspace --locked	2026-09-18T11:44:10.5342991Z test clipboard::tests::private_payload_preparation_round_trips_without_touching_clipboard ... ok
native	Run cargo test --workspace --locked	2026-09-18T11:44:10.5343875Z test accessibility::text_provider::identity_tests::five_gib_range_window_is_bounded_at_an_offscreen_offset ... ok
native	Run cargo test --workspace --locked	2026-09-18T11:44:10.5380051Z test extension_transport::tests::same_user_pipe_requires_expected_process ... ok
native	Run cargo test --workspace --locked	2026-09-18T11:44:10.5382617Z test extension_transport::tests::watchdog_spawn_failure_is_terminal_before_launch ... ok
native	Run cargo test --workspace --locked	2026-09-18T11:44:10.5384934Z test files::replacement_faults::native_owned_child ... ok
native	Run cargo test --workspace --locked	2026-09-18T11:44:10.5575746Z test extension_transport::tests::missing_client_times_out ... ok
native	Run cargo test --workspace --locked	2026-09-18T11:44:10.5624404Z test extension_transport::tests::failed_watchdog_transfer_terminates_and_reaps_contained_child ... ok
native	Run cargo test --workspace --locked	2026-09-18T11:44:10.5701457Z test files::tests::migration_lease_publishes_real_file_and_nested_directory ... ok
native	Run cargo test --workspace --locked	2026-09-18T11:44:10.5736155Z test extension_transport::tests::framed_responses_larger_than_pipe_quota_make_bounded_progress ... ok
native	Run cargo test --workspace --locked	2026-09-18T11:44:10.5955864Z test files::tests::migration_lease_retries_after_real_sharing_violation ... ok
native	Run cargo test --workspace --locked	2026-09-18T11:44:10.5983434Z Junction created for C:\Users\RUNNER~1\AppData\Local\Temp\bareline-native-migration-junction-6096-1789731850562795300\source <<===>> C:\Users\RUNNER~1\AppData\Local\Temp\bareline-native-migration-junction-external-6096-1789731850563520900
native	Run cargo test --workspace --locked	2026-09-18T11:44:10.6322553Z test files::tests::migration_lease_rejects_real_junction ... ok
native	Run cargo test --workspace --locked	2026-09-18T11:44:11.1182022Z test files::tests::native_journal_and_guards_resume_after_verified_stage_interruption ... ok
native	Run cargo test --workspace --locked	2026-09-18T11:44:11.1667202Z test files::tests::native_profile_migration_restarts_after_locked_source ... ok
native	Run cargo test --workspace --locked	2026-09-18T11:44:11.1731250Z test files::tests::native_directory_source_is_retained_when_lease_cannot_exclude_new_children ... ok
native	Run cargo test --workspace --locked	2026-09-18T11:44:11.1765664Z test files::tests::readonly_source_can_open_but_cannot_be_replaced ... ok
native	Run cargo test --workspace --locked	2026-09-18T11:44:11.2138478Z test files::tests::orphan_reopens_independent_editor_bytes_after_target_changes ... ok
native	Run cargo test --workspace --locked	2026-09-18T11:44:11.2272180Z test files::replacement_faults::native_replacement_process_death ... ok
native	Run cargo test --workspace --locked	2026-09-18T11:44:11.2273226Z test files::tests::proposed_copy_cancellation_removes_partial_transaction ... ok
native	Run cargo test --workspace --locked	2026-09-18T11:44:11.2727295Z test files::tests::restart_discovery_retains_malformed_transaction_as_unverified ... ok
native	Run cargo test --workspace --locked	2026-09-18T11:44:11.2742491Z test files::tests::sealed_read_denies_mutation_until_guard_is_dropped ... ok
native	Run cargo test --workspace --locked	2026-09-18T11:44:11.4208472Z test files::tests::restart_classifies_artifacts_retired_during_cleanup ... ok
native	Run cargo test --workspace --locked	2026-09-18T11:44:11.5464021Z test files::tests::sharing_violation_retains_original_stage_and_transaction_recovery ... ok
native	Run cargo test --workspace --locked	2026-09-18T11:44:11.5728430Z test files::tests::save_cancellation_cleans_before_commit_and_retains_versions_after_commit ... ok
native	Run cargo test --workspace --locked	2026-09-18T11:44:11.5954252Z test files::tests::substituted_transaction_directory_never_reads_external_sentinel ... ok
native	Run cargo test --workspace --locked	2026-09-18T11:44:11.5959354Z test instance::tests::abandoned_sender_cannot_be_reported_as_accepted ... ok
native	Run cargo test --workspace --locked	2026-09-18T11:44:11.7753027Z test files::tests::verified_save_returns_cleanup_warning_with_retry_owner ... ok
native	Run cargo test --workspace --locked	2026-09-18T11:44:11.7755744Z test instance::tests::lossless_payload_and_revalidation ... ok
native	Run cargo test --workspace --locked	2026-09-18T11:44:11.7758259Z test menu_bar::tests::label_and_shortcut_are_separate_native_columns ... ok
native	Run cargo test --workspace --locked	2026-09-18T11:44:11.7906448Z test menu_bar::tests::recursive_owner_draw_enumerates_and_restores_three_levels ... ok
native	Run cargo test --workspace --locked	2026-09-18T11:44:11.7908637Z test native::menu_state_tests::command_ingress_preserves_owner_and_rejects_controls ... ok
native	Run cargo test --workspace --locked	2026-09-18T11:44:11.7911888Z test native::menu_state_tests::native_fallback_state_update_does_not_enable_owner_draw ... ok
native	Run cargo test --workspace --locked	2026-09-18T11:44:11.8003906Z test native::menu_state_tests::unchanged_menu_skips_redraw_but_state_locale_and_rebuild_still_update ... ok
native	Run cargo test --workspace --locked	2026-09-18T11:44:11.8043008Z test instance::tests::handoff_ack_and_hung_owner_fallback_are_bounded ... ok
native	Run cargo test --workspace --locked	2026-09-18T11:44:11.8130225Z test files::tests::replacement_race_retains_displaced_and_editor_bytes ... ok
native	Run cargo test --workspace --locked	2026-09-18T11:44:11.8544136Z test owned_cache::tests::failed_partial_purge_preserves_owner_record ... ok
native	Run cargo test --workspace --locked	2026-09-18T11:44:11.8596080Z test owned_cache::tests::finalization_replacement_is_rejected_before_proof_removal ... ok
native	Run cargo test --workspace --locked	2026-09-18T11:44:11.9056124Z Junction created for C:\Users\RUNNER~1\AppData\Local\Temp\bareline-cache-guard-6096-1789731851854605400\Bareline-owned-spill\owned-stream-6096-1\escape <<===>> C:\Users\RUNNER~1\AppData\Local\Temp\bareline-cache-guard-6096-1789731851854605400\external
native	Run cargo test --workspace --locked	2026-09-18T11:44:11.9112497Z test owned_cache::tests::replaced_root_identity_is_rejected ... ok
native	Run cargo test --workspace --locked	2026-09-18T11:44:11.9332645Z test owned_cache::tests::failed_disposition_uses_retained_receipt_when_owner_name_is_blocked ... ok
native	Run cargo test --workspace --locked	2026-09-18T11:44:11.9336509Z test owned_cache::tests::nested_junction_is_rejected_and_external_sentinel_survives ... ok
native	Run cargo test --workspace --locked	2026-09-18T11:44:11.9344776Z test path_trust::remote_rejection_tests::unsafe_remote_components_fail_before_destination_access ... ok
native	Run cargo test --workspace --locked	2026-09-18T11:44:11.9352354Z test files::tests::staged_save_preserves_original_on_failure_and_conflict_and_tracks_captured_state ... ok
native	Run cargo test --workspace --locked	2026-09-18T11:44:11.9353647Z test path_trust::tests::approved_local_session_is_read_only_and_remote_stays_blocked ... ok
native	Run cargo test --workspace --locked	2026-09-18T11:44:11.9356902Z test path_trust::tests::remote_and_metadata_paths_rejected_without_access ... ok
native	Run cargo test --workspace --locked	2026-09-18T11:44:11.9359422Z test path_trust::tests::real_local_path_classified_and_execute_denied ... ok
native	Run cargo test --workspace --locked	2026-09-18T11:44:11.9362873Z test printing::tests::invalid_options_fail_before_driver_access ... ok
native	Run cargo test --workspace --locked	2026-09-18T11:44:11.9366505Z test printing::tests::tab_expansion_preserves_unicode_style_ranges ... ok
native	Run cargo test --workspace --locked	2026-09-18T11:44:11.9368065Z test process::tests::child_fixture ... ignored, Controlled subprocess fixture, launched only by job_contains_and_terminates_test_process
native	Run cargo test --workspace --locked	2026-09-18T11:44:11.9369455Z test process::tests::descendant_fixture ... ignored, Controlled descendant fixture, launched only by child_fixture
native	Run cargo test --workspace --locked	2026-09-18T11:44:11.9375118Z test path_trust::tests::retained_read_prevents_retarget_and_reads_approved_object ... ok
native	Run cargo test --workspace --locked	2026-09-18T11:44:11.9376610Z test owned_cache::tests::retained_cleanup_receipt_removes_candidate_after_manifest_is_gone ... ok
native	Run cargo test --workspace --locked	2026-09-18T11:44:11.9404612Z test owned_cache::tests::successful_nested_purge_uses_handle_finalization ... ok
native	Run cargo test --workspace --locked	2026-09-18T11:44:11.9405556Z test process::tests::missing_program_fails_without_running_an_uncontained_child ... ok
native	Run cargo test --workspace --locked	2026-09-18T11:44:11.9781697Z test process::tests::job_contains_and_terminates_test_process ... ok
native	Run cargo test --workspace --locked	2026-09-18T11:44:12.1021002Z test renderer::tests::column_geometry_accepts_cjk_fallback_and_preserves_tab_stops ... ok
native	Run cargo test --workspace --locked	2026-09-18T11:44:12.1058287Z test renderer::tests::text_formats_evict_least_recently_used_instead_of_failing ... ok
native	Run cargo test --workspace --locked	2026-09-18T11:44:12.1060007Z test unicode_input::tests::bmp_and_combining_input_pass_without_duplication ... ok
native	Run cargo test --workspace --locked	2026-09-18T11:44:12.1061959Z test unicode_input::tests::focus_epoch_retires_a_partial_scalar_even_on_the_same_window ... ok
native	Run cargo test --workspace --locked	2026-09-18T11:44:12.1063818Z test unicode_input::tests::latest_high_surrogate_replaces_abandoned_high ... ok
native	Run cargo test --workspace --locked	2026-09-18T11:44:12.1065506Z test unicode_input::tests::malformed_high_does_not_swallow_following_bmp_text ... ok
native	Run cargo test --workspace --locked	2026-09-18T11:44:12.1067393Z test unicode_input::tests::native_dialog_and_unregistered_window_messages_are_untouched ... ok
native	Run cargo test --workspace --locked	2026-09-18T11:44:12.1069749Z test unicode_input::tests::ordinary_keys_and_ime_messages_keep_the_existing_route ... ok
native	Run cargo test --workspace --locked	2026-09-18T11:44:12.1072287Z test unicode_input::tests::partial_scalar_cannot_cross_windows_or_queued_context_changes ... ok
native	Run cargo test --workspace --locked	2026-09-18T11:44:12.1074643Z test unicode_input::tests::redraw_timer_and_worker_wakes_do_not_split_a_scalar ... ok
native	Run cargo test --workspace --locked	2026-09-18T11:44:12.1076382Z test unicode_input::tests::separate_packet_key_presses_preserve_one_astral_scalar ... ok
native	Run cargo test --workspace --locked	2026-09-18T11:44:12.1790288Z test update::apply_tests::exact_handle_replacement_and_rollback_on_apply_failure ... ok
native	Run cargo test --workspace --locked	2026-09-18T11:44:12.1892620Z test renderer::tests::retained_context_keeps_arabic_joining_and_combining_cluster_metrics ... ok
native	Run cargo test --workspace --locked	2026-09-18T11:44:12.2596138Z 
native	Run cargo test --workspace --locked	2026-09-18T11:44:12.2596742Z running 1 test
native	Run cargo test --workspace --locked	2026-09-18T11:44:12.3144437Z test update::authority_tests::installed_authority_rotation_persists_lineage_and_rejects_rollback ... ok
native	Run cargo test --workspace --locked	2026-09-18T11:44:12.3158670Z test update::stage_tests::explicit_offline_root_policy_never_falls_back_on_missing_authority ... ok
native	Run cargo test --workspace --locked	2026-09-18T11:44:12.3297077Z 
native	Run cargo test --workspace --locked	2026-09-18T11:44:12.3299808Z running 1 test
native	Run cargo test --workspace --locked	2026-09-18T11:44:12.3329615Z test update::stage_tests::healthy_parent_probe ... ok
native	Run cargo test --workspace --locked	2026-09-18T11:44:12.3329917Z 
native	Run cargo test --workspace --locked	2026-09-18T11:44:12.3330144Z test result: ok. 1 passed; 0 failed; 0 ignored; 0 measured; 100 filtered out; finished in 0.00s
native	Run cargo test --workspace --locked	2026-09-18T11:44:12.3330436Z 
native	Run cargo test --workspace --locked	2026-09-18T11:44:12.3694749Z 
native	Run cargo test --workspace --locked	2026-09-18T11:44:12.3695239Z running 1 test
native	Run cargo test --workspace --locked	2026-09-18T11:44:12.3728065Z test update::stage_tests::healthy_parent_probe ... ok
native	Run cargo test --workspace --locked	2026-09-18T11:44:12.3728324Z 
native	Run cargo test --workspace --locked	2026-09-18T11:44:12.3728549Z test result: ok. 1 passed; 0 failed; 0 ignored; 0 measured; 100 filtered out; finished in 0.00s
native	Run cargo test --workspace --locked	2026-09-18T11:44:12.3728820Z 
native	Run cargo test --workspace --locked	2026-09-18T11:44:12.3889952Z 
native	Run cargo test --workspace --locked	2026-09-18T11:44:12.3890301Z running 1 test
native	Run cargo test --workspace --locked	2026-09-18T11:44:12.3980629Z test update::stage_tests::healthy_parent_probe ... ok
native	Run cargo test --workspace --locked	2026-09-18T11:44:12.3981009Z 
native	Run cargo test --workspace --locked	2026-09-18T11:44:12.3981368Z test result: ok. 1 passed; 0 failed; 0 ignored; 0 measured; 100 filtered out; finished in 0.01s
native	Run cargo test --workspace --locked	2026-09-18T11:44:12.3981825Z 
native	Run cargo test --workspace --locked	2026-09-18T11:44:12.4315123Z 
native	Run cargo test --workspace --locked	2026-09-18T11:44:12.4315995Z running 1 test
native	Run cargo test --workspace --locked	2026-09-18T11:44:12.4364321Z test update::stage_tests::healthy_parent_probe ... ok
native	Run cargo test --workspace --locked	2026-09-18T11:44:12.4364585Z 
native	Run cargo test --workspace --locked	2026-09-18T11:44:12.4364808Z test result: ok. 1 passed; 0 failed; 0 ignored; 0 measured; 100 filtered out; finished in 0.00s
native	Run cargo test --workspace --locked	2026-09-18T11:44:12.4365085Z 
native	Run cargo test --workspace --locked	2026-09-18T11:44:12.4394587Z test update::stage_tests::health_ack_requires_actual_parent_and_exact_running_image ... ok
native	Run cargo test --workspace --locked	2026-09-18T11:44:12.4396595Z test update::stage_tests::healthy_parent_probe ... ok
native	Run cargo test --workspace --locked	2026-09-18T11:44:12.4573955Z test update::stage_tests::running_image_probe ... ok
native	Run cargo test --workspace --locked	2026-09-18T11:44:12.4574256Z 
native	Run cargo test --workspace --locked	2026-09-18T11:44:12.4574462Z test result: ok. 1 passed; 0 failed; 0 ignored; 0 measured; 100 filtered out; finished in 0.20s
native	Run cargo test --workspace --locked	2026-09-18T11:44:12.4574740Z 
native	Run cargo test --workspace --locked	2026-09-18T11:44:12.4628444Z test update::stage_tests::atomic_update_refuses_a_running_target_image ... ok
native	Run cargo test --workspace --locked	2026-09-18T11:44:12.4641054Z test update::stage_tests::private_stage_is_unique_and_missing_parent_refused ... ok
native	Run cargo test --workspace --locked	2026-09-18T11:44:12.4642848Z test update::stage_tests::running_image_probe ... ok
native	Run cargo test --workspace --locked	2026-09-18T11:44:12.5011921Z test renderer::tests::offscreen_styles_color_utf8_ranges_without_changing_geometry ... ok
native	Run cargo test --workspace --locked	2026-09-18T11:44:12.5014241Z test update::tests::invalid_endpoint_and_precancel_never_connect ... ok
native	Run cargo test --workspace --locked	2026-09-18T11:44:12.5046837Z test update::tests::unsigned_held_file_rejected ... ok
native	Run cargo test --workspace --locked	2026-09-18T11:44:12.5098031Z test update::stage_tests::local_fixture_transport_rejects_signature_policy_certificate_cancel_corruption_and_unavailable_runtime ... ok
native	Run cargo test --workspace --locked	2026-09-18T11:44:12.5099888Z test watch::tests::malformed_and_overflow_request_rescan ... ok
native	Run cargo test --workspace --locked	2026-09-18T11:44:12.5104059Z test watch::tests::nonexistent_directory_fails_without_worker_leak ... ok
native	Run cargo test --workspace --locked	2026-09-18T11:44:12.5344940Z test update::stage_tests::transfer_and_retention_preserve_exact_bytes_without_network ... ok
native	Run cargo test --workspace --locked	2026-09-18T11:44:12.5460347Z test workspace_files::tests::no_replace_and_nonrecursive_deletion ... ok
native	Run cargo test --workspace --locked	2026-09-18T11:44:12.5644037Z test watch::tests::watch_changes_and_idle_cancellation ... ok
native	Run cargo test --workspace --locked	2026-09-18T11:44:12.9076432Z test renderer::tests::mixed_script_layout_survives_native_device_recreation_at_three_scales ... ok
native	Run cargo test --workspace --locked	2026-09-18T11:44:13.3705627Z test watch::tests::deleted_directory_is_rearmed_after_recreation ... ok
native	Run cargo test --workspace --locked	2026-09-18T11:44:13.3706075Z 
native	Run cargo test --workspace --locked	2026-09-18T11:44:13.3706375Z test result: ok. 98 passed; 0 failed; 3 ignored; 0 measured; 0 filtered out; finished in 2.84s
native	Run cargo test --workspace --locked	2026-09-18T11:44:13.3706821Z 
native	Run cargo test --workspace --locked	2026-09-18T11:44:13.3797033Z ^[[1m^[[92m     Running^[[0m unittests src\lib.rs (target\debug\deps\bareline_renderer-d755141b07dbc21c.exe)
native	Run cargo test --workspace --locked	2026-09-18T11:44:13.3902820Z 
native	Run cargo test --workspace --locked	2026-09-18T11:44:13.3903414Z running 0 tests
native	Run cargo test --workspace --locked	2026-09-18T11:44:13.3903605Z 
native	Run cargo test --workspace --locked	2026-09-18T11:44:13.3903939Z test result: ok. 0 passed; 0 failed; 0 ignored; 0 measured; 0 filtered out; finished in 0.00s
native	Run cargo test --workspace --locked	2026-09-18T11:44:13.3904373Z 
native	Run cargo test --workspace --locked	2026-09-18T11:44:13.3924366Z ^[[1m^[[92m     Running^[[0m unittests src\lib.rs (target\debug\deps\bareline_renderer_recording-8e01aa6e6dce3abc.exe)
native	Run cargo test --workspace --locked	2026-09-18T11:44:13.4013338Z 
native	Run cargo test --workspace --locked	2026-09-18T11:44:13.4013864Z running 1 test
native	Run cargo test --workspace --locked	2026-09-18T11:44:13.4017187Z test frame_tests::frames_cancel_recover_and_reject_crossed_stacks ... ok
native	Run cargo test --workspace --locked	2026-09-18T11:44:13.4017668Z 
native	Run cargo test --workspace --locked	2026-09-18T11:44:13.4017983Z test result: ok. 1 passed; 0 failed; 0 ignored; 0 measured; 0 filtered out; finished in 0.00s
native	Run cargo test --workspace --locked	2026-09-18T11:44:13.4018354Z 
native	Run cargo test --workspace --locked	2026-09-18T11:44:13.4035324Z ^[[1m^[[92m     Running^[[0m unittests src\lib.rs (target\debug\deps\bareline_search-91d4c72f48233d99.exe)
native	Run cargo test --workspace --locked	2026-09-18T11:44:13.4168395Z 
native	Run cargo test --workspace --locked	2026-09-18T11:44:13.4169847Z running 40 tests
native	Run cargo test --workspace --locked	2026-09-18T11:44:13.4254575Z test folders::tests::folder_trust_io_limit_and_cancellation_fail_closed ... ok
native	Run cargo test --workspace --locked	2026-09-18T11:44:13.4256586Z test folders::tests::folder_streams_identity_ranges_and_visible_skips_without_retaining_files ... ok
native	Run cargo test --workspace --locked	2026-09-18T11:44:13.4286874Z test regex::tests::capped_batches_emit_retained_tail_and_disable_replacement ... ok
native	Run cargo test --workspace --locked	2026-09-18T11:44:13.4339843Z test regex::tests::captures_expand_before_atomic_transaction_and_obey_budget ... ok
native	Run cargo test --workspace --locked	2026-09-18T11:44:13.4459391Z test regex::tests::context_catalog_and_utf8_empty_progress ... ok
native	Run cargo test --workspace --locked	2026-09-18T11:44:13.4509778Z test regex::tests::engine_callout_stops_cancelled_and_expired_matching ... ok
native	Run cargo test --workspace --locked	2026-09-18T11:44:13.6104580Z test regex::tests::hard_partial_multiline_crosses_windows_and_preserves_capture_offsets ... ok
native	Run cargo test --workspace --locked	2026-09-18T11:44:13.6917616Z test paged::tests::paged_partial_regex_crosses_windows_beyond_former_subject_limit ... ok
native	Run cargo test --workspace --locked	2026-09-18T11:44:13.8468953Z test paged::tests::paged_folded_match_crosses_window_with_one_page_cache_and_absolute_selection ... ok
native	Run cargo test --workspace --locked	2026-09-18T11:44:13.8474487Z test regex::tests::range_expansion_reads_only_referenced_global_capture_and_checks_budget_first ... ok
native	Run cargo test --workspace --locked	2026-09-18T11:44:13.9529468Z test regex::tests::partial_candidate_cap_is_explicit_and_cancellation_is_not_complete ... ok
native	Run cargo test --workspace --locked	2026-09-18T11:44:13.9632396Z test regex::tests::multiline_regex_crosses_sixteen_mib_with_full_anchor_context ... ok
native	Run cargo test --workspace --locked	2026-09-18T11:44:13.9677356Z test paged::tests::streamed_capture_replacement_beyond_sixty_four_mib_reads_only_bounded_ranges ... ok
native	Run cargo test --workspace --locked	2026-09-18T11:44:14.1948413Z test replace_disk::tests::changed_file_and_new_open_document_are_skipped_for_review ... ok
native	Run cargo test --workspace --locked	2026-09-18T11:44:14.2757745Z test replace_disk::tests::cancellation_preserves_completed_file_and_leaves_rest_byte_identical ... ok
native	Run cargo test --workspace --locked	2026-09-18T11:44:14.4183871Z test regex::tests::unsupported_subject_limits_and_invalid_patterns_never_replace ... ok
native	Run cargo test --workspace --locked	2026-09-18T11:44:14.4865308Z test replace_disk::tests::failed_source_commit_keeps_original_and_receipt_reconciliation_is_safe ... ok
native	Run cargo test --workspace --locked	2026-09-18T11:44:14.5333412Z test replace_disk::tests::interrupted_commit_reconciles_by_hash_without_reapplying ... ok
native	Run cargo test --workspace --locked	2026-09-18T11:44:14.7929632Z test replace_disk::tests::readonly_target_is_skipped_while_eligible_target_commits_and_open_reasons_persist ... ok
native	Run cargo test --workspace --locked	2026-09-18T11:44:14.7935880Z test replace_files::tests::changed_revision_aborts_entire_group_and_cancelled_preview_never_submits ... ok
native	Run cargo test --workspace --locked	2026-09-18T11:44:14.7942020Z test replace_files::tests::excluded_document_and_bounded_capture_preview_are_exact ... ok
native	Run cargo test --workspace --locked	2026-09-18T11:44:14.7961752Z test replace_files::tests::hundred_document_replacement_is_one_bounded_atomic_group_and_undo ... ok
native	Run cargo test --workspace --locked	2026-09-18T11:44:14.7966810Z test replace_files::tests::preview_exclusions_apply_only_reviewed_matches_and_linked_undo_restores_both ... ok
native	Run cargo test --workspace --locked	2026-09-18T11:44:14.7969161Z test replacement_case_tests::uniform_and_initial_case_preserve_unicode_without_changing_mixed_case ... ok
native	Run cargo test --workspace --locked	2026-09-18T11:44:14.7972796Z test service::tests::open_document_ticket_notifies_with_grouped_results ... ok
native	Run cargo test --workspace --locked	2026-09-18T11:44:14.8052401Z test service::tests::rapid_queries_coalesce_and_latest_completion_notifies_without_polling ... ok
native	Run cargo test --workspace --locked	2026-09-18T11:44:14.8054979Z test sources::tests::cancellation_and_partial_prefixes_cannot_be_complete ... ok
native	Run cargo test --workspace --locked	2026-09-18T11:44:14.8057637Z test sources::tests::grouped_identity_and_aggregate_budget_are_preserved ... ok
native	Run cargo test --workspace --locked	2026-09-18T11:44:14.8337875Z test replace_disk::tests::reviewed_selection_preserves_bom_eol_and_unique_original_backup ... ok
native	Run cargo test --workspace --locked	2026-09-18T11:44:14.8371732Z test tests::bounded_results_cancellation_and_unsupported_queries_cannot_replace ... ok
native	Run cargo test --workspace --locked	2026-09-18T11:44:14.8375712Z test tests::count_can_finish_after_retained_results_fill_without_enabling_replace ... ok
native	Run cargo test --workspace --locked	2026-09-18T11:44:14.8379038Z test tests::extended_mode_finds_multiline_unicode_and_rejects_malformed_escapes ... ok
native	Run cargo test --workspace --locked	2026-09-18T11:44:14.8696283Z test replace_disk::tests::encoded_replace_and_backup_rollback_preserve_utf16_bytes ... ok
native	Run cargo test --workspace --locked	2026-09-18T11:44:14.8956174Z test sources::tests::mixed_results_scan_beyond_viewport_with_global_offsets_and_cancellation ... ok
native	Run cargo test --workspace --locked	2026-09-18T11:44:14.8961238Z test tests::replacement_scope_cancellation_and_atomic_undo ... ok
native	Run cargo test --workspace --locked	2026-09-18T11:44:14.8964723Z test tests::selection_nonoverlap_navigation_and_document_identity ... ok
native	Run cargo test --workspace --locked	2026-09-18T11:44:14.8968281Z test tests::whole_word_checks_combining_marks_connectors_and_selection_edges ... ok
native	Run cargo test --workspace --locked	2026-09-18T11:44:15.5248823Z test tests::literal_crosses_sixteen_mib_in_twenty_mib_line_and_replaces_atomically ... ok
native	Run cargo test --workspace --locked	2026-09-18T11:44:17.1850269Z test tests::full_unicode_folding_preserves_text_ranges_and_rejects_partial_expansions ... ok
native	Run cargo test --workspace --locked	2026-09-18T11:44:40.2466765Z test replace_disk::tests::paged_rollback_restores_large_utf16_original_after_shrinking ... ok
native	Run cargo test --workspace --locked	2026-09-18T11:44:40.2467593Z 
native	Run cargo test --workspace --locked	2026-09-18T11:44:40.2468063Z test result: ok. 40 passed; 0 failed; 0 ignored; 0 measured; 0 filtered out; finished in 26.83s
native	Run cargo test --workspace --locked	2026-09-18T11:44:40.2468990Z 
native	Run cargo test --workspace --locked	2026-09-18T11:44:40.2503968Z ^[[1m^[[92m     Running^[[0m unittests src\lib.rs (target\debug\deps\bareline_settings-35b3c3c0458a002c.exe)
native	Run cargo test --workspace --locked	2026-09-18T11:44:40.2609551Z 
native	Run cargo test --workspace --locked	2026-09-18T11:44:40.2610216Z running 22 tests
native	Run cargo test --workspace --locked	2026-09-18T11:44:40.2632844Z test behavior_tests::built_in_themes_and_high_contrast_meet_functional_ratios ... ok
native	Run cargo test --workspace --locked	2026-09-18T11:44:40.2656054Z test behavior_tests::keymap_edits_preserve_comments_and_conflicts_leave_previous_state ... ok
native	Run cargo test --workspace --locked	2026-09-18T11:44:40.2671981Z test behavior_tests::locale_switch_is_data_only_parameterized_and_falls_back_per_message ... ok
native	Run cargo test --workspace --locked	2026-09-18T11:44:40.2677389Z test behavior_tests::migration_and_font_points_remain_stable_at_mixed_dpi ... ok
native	Run cargo test --workspace --locked	2026-09-18T11:44:40.2679873Z test behavior_tests::only_the_settings_page_opener_is_user_facing ... ok
native	Run cargo test --workspace --locked	2026-09-18T11:44:40.2685588Z test behavior_tests::opt_in_workspace_cannot_override_policy_even_when_mislabeled_as_user ... ok
native	Run cargo test --workspace --locked	2026-09-18T11:44:40.2690103Z test behavior_tests::reset_targets_scope_and_keeps_unrelated_values ... ok
native	Run cargo test --workspace --locked	2026-09-18T11:44:40.2697480Z test behavior_tests::resource_quotas_are_bounded_user_preferences_and_preserve_other_values ... ok
native	Run cargo test --workspace --locked	2026-09-18T11:44:40.2703511Z test behavior_tests::session_layer_has_precedence_and_invalid_workspace_falls_back_per_key ... ok
native	Run cargo test --workspace --locked	2026-09-18T11:44:40.2708510Z test behavior_tests::single_bad_values_do_not_reset_other_settings_and_unknown_comments_survive ... ok
native	Run cargo test --workspace --locked	2026-09-18T11:44:40.2716575Z test behavior_tests::theme_override_persistence_and_composited_contrast_rejection ... ok
native	Run cargo test --workspace --locked	2026-09-18T11:44:40.2721087Z test behavior_tests::toolbar_order_roundtrips_and_invalid_edits_preserve_document ... ok
native	Run cargo test --workspace --locked	2026-09-18T11:44:40.2726165Z test model::input_contract_tests::policy_and_clipboard_inputs_roundtrip_and_invalid_input_preserves_document ... ok
native	Run cargo test --workspace --locked	2026-09-18T11:44:40.2730064Z test model::input_contract_tests::resource_limits_are_user_owned_and_effective_pages_fit_the_shared_cap ... ok
native	Run cargo test --workspace --locked	2026-09-18T11:44:40.2732113Z test model::presentation_tests::byte_sizes_round_trip_through_display_units ... ok
native	Run cargo test --workspace --locked	2026-09-18T11:44:40.2733763Z test model::presentation_tests::choice_values_display_title_cased ... ok
native	Run cargo test --workspace --locked	2026-09-18T11:44:40.2735405Z test model::presentation_tests::color_rows_round_trip_hex_through_parse_and_format ... ok
native	Run cargo test --workspace --locked	2026-09-18T11:44:40.2736922Z test model::presentation_tests::every_listed_category_owns_at_least_one_visible_setting ... ok
native	Run cargo test --workspace --locked	2026-09-18T11:44:40.2740794Z test tests::configuration_accepts_toml_and_rejects_ambiguous_modes ... ok
native	Run cargo test --workspace --locked	2026-09-18T11:44:40.2861435Z test behavior_tests::bounded_storage_and_session_persistence_rejections ... ok
native	Run cargo test --workspace --locked	2026-09-18T11:44:40.3736346Z test behavior_tests::keymap_default_create_and_failed_rebind_preserve_existing_bytes ... ok
native	Run cargo test --workspace --locked	2026-09-18T11:44:40.3786840Z test behavior_tests::failed_atomic_commit_preserves_file_and_allows_retry ... ok
native	Run cargo test --workspace --locked	2026-09-18T11:44:40.3787359Z 
native	Run cargo test --workspace --locked	2026-09-18T11:44:40.3787684Z test result: ok. 22 passed; 0 failed; 0 ignored; 0 measured; 0 filtered out; finished in 0.12s
native	Run cargo test --workspace --locked	2026-09-18T11:44:40.3788350Z 
native	Run cargo test --workspace --locked	2026-09-18T11:44:40.3810301Z ^[[1m^[[92m     Running^[[0m unittests src\lib.rs (target\debug\deps\bareline_syntax-edade36be8904552.exe)
native	Run cargo test --workspace --locked	2026-09-18T11:44:40.3911550Z 
native	Run cargo test --workspace --locked	2026-09-18T11:44:40.3912224Z running 25 tests
native	Run cargo test --workspace --locked	2026-09-18T11:44:40.3919717Z test catalog::tests::fifteen_detect_with_comment_metadata ... ok
native	Run cargo test --workspace --locked	2026-09-18T11:44:40.3921093Z test folding::tests::fold_all_collapses_every_foldable_region_at_every_level ... ok
native	Run cargo test --workspace --locked	2026-09-18T11:44:40.3921859Z test catalog::association_tests::bounded_globs_and_exact_names_have_deterministic_precedence ... ok
native	Run cargo test --workspace --locked	2026-09-18T11:44:40.3928709Z test folding::tests::unfinished_header_is_not_exposed_until_closed_and_limits_apply ... ok
native	Run cargo test --workspace --locked	2026-09-18T11:44:40.3929997Z test folding::tests::lexilla_indentation_folds_exclude_following_statement ... ok
native	Run cargo test --workspace --locked	2026-09-18T11:44:40.3949514Z test outline::tests::cancellation_and_three_language_mapping_shapes_are_deterministic ... ok
native	Run cargo test --workspace --locked	2026-09-18T11:44:40.3950803Z test outline::tests::builtin_definitions_extract_rust_fn_and_python_class ... ok
native	Run cargo test --workspace --locked	2026-09-18T11:44:40.3955480Z test outline::tests::imports_roundtrip_and_extracts_name_ranges ... ok
native	Run cargo test --workspace --locked	2026-09-18T11:44:40.3956821Z test stream::tests::cancellation_poison_and_split_crlf_are_unavailable ... ok
native	Run cargo test --workspace --locked	2026-09-18T11:44:40.3957522Z test outline::tests::rejects_malformed_entities_and_reports_invalid_regex ... ok
native	Run cargo test --workspace --locked	2026-09-18T11:44:40.3961620Z test stream::tests::projection_compares_actual_bytes_and_rejects_mismatched_view ... ok
native	Run cargo test --workspace --locked	2026-09-18T11:44:40.3962893Z test stream::tests::projection_styles_two_visible_pieces_without_lexing_the_join ... ok
native	Run cargo test --workspace --locked	2026-09-18T11:44:40.3972721Z test stream::tests::streaming_comments_and_fold_headers_keep_absolute_context ... ok
native	Run cargo test --workspace --locked	2026-09-18T11:44:40.3973960Z test tests::all_fifteen_native_definitions_validate_and_native_python_folds ... ok
native	Run cargo test --workspace --locked	2026-09-18T11:44:40.3996666Z test tests::configured_udl_carries_comments_and_custom_folds_and_rejects_replacement_checkpoint ... ok
native	Run cargo test --workspace --locked	2026-09-18T11:44:40.3997931Z test stream::tests::sparse_checkpoints_follow_global_lines_across_windows ... ok
native	Run cargo test --workspace --locked	2026-09-18T11:44:40.4005700Z test tests::rust_utf8_raw_nested_comments_and_lifetimes ... ok
native	Run cargo test --workspace --locked	2026-09-18T11:44:40.4006804Z test tests::udl_multibyte_string_delimiters_do_not_split_a_scalar ... ok
native	Run cargo test --workspace --locked	2026-09-18T11:44:40.4069457Z test tests::verified_multiline_checkpoint_and_stale_rejection ... ok
native	Run cargo test --workspace --locked	2026-09-18T11:44:40.4070710Z test tests::udl_tokenizer_survives_random_utf8_inputs ... ok
native	Run cargo test --workspace --locked	2026-09-18T11:44:40.4079200Z test folding::tests::forward_pass_carries_header_across_windows ... ok
native	Run cargo test --workspace --locked	2026-09-18T11:44:40.4094259Z test udl::import_tests::xml_reports_loss_and_rejects_unsafe_input ... ok
native	Run cargo test --workspace --locked	2026-09-18T11:44:40.4099531Z test udl::tests::malformed_replacement_preserves_definition_and_utf8_lex ... ok
native	Run cargo test --workspace --locked	2026-09-18T11:44:40.4107635Z test tests::worker_delivers_current_request_after_superseding ... ok
native	Run cargo test --workspace --locked	2026-09-18T11:44:40.4198062Z test tests::json_and_resource_boundaries ... ok
native	Run cargo test --workspace --locked	2026-09-18T11:44:40.4198434Z 
native	Run cargo test --workspace --locked	2026-09-18T11:44:40.4198727Z test result: ok. 25 passed; 0 failed; 0 ignored; 0 measured; 0 filtered out; finished in 0.03s
native	Run cargo test --workspace --locked	2026-09-18T11:44:40.4199149Z 
native	Run cargo test --workspace --locked	2026-09-18T11:44:40.4224620Z ^[[1m^[[92m     Running^[[0m unittests src\lib.rs (target\debug\deps\bareline_ui-6911988555452512.exe)
native	Run cargo test --workspace --locked	2026-09-18T11:44:40.4315954Z 
native	Run cargo test --workspace --locked	2026-09-18T11:44:40.4316356Z running 15 tests
native	Run cargo test --workspace --locked	2026-09-18T11:44:40.4321969Z test controls::tests::fractional_scroll_includes_bottom_row_and_disabled_focus_clears ... ok
native	Run cargo test --workspace --locked	2026-09-18T11:44:40.4323316Z test controls::tests::virtual_controls_stay_bounded_and_active_tab_is_visible ... ok
native	Run cargo test --workspace --locked	2026-09-18T11:44:40.4324036Z test controls::tests::disabled_activation_and_popup_focus_return ... ok
native	Run cargo test --workspace --locked	2026-09-18T11:44:40.4324963Z test focus::tests::traversal_skips_disabled_and_nested_layers_restore_their_invokers ... ok
native	Run cargo test --workspace --locked	2026-09-18T11:44:40.4328289Z test theme::tests::overlay_palettes_derive_from_ui_theme_in_both_themes ... ok
native	Run cargo test --workspace --locked	2026-09-18T11:44:40.4328985Z test widgets::tests::combo_search_timeout_escape_and_disabled_choices ... ok
native	Run cargo test --workspace --locked	2026-09-18T11:44:40.4330103Z test virtual_tree::refresh_tests::reordered_children_keep_descendants_and_deleted_selection_returns_parent ... ok
native	Run cargo test --workspace --locked	2026-09-18T11:44:40.4334084Z test text_field::tests::selection_composition_and_horizontal_viewport_preserve_graphemes ... ok
native	Run cargo test --workspace --locked	2026-09-18T11:44:40.4335064Z test widgets::tests::controls_render_balanced_logical_geometry_at_required_scales ... ok
native	Run cargo test --workspace --locked	2026-09-18T11:44:40.4335796Z test widgets::tests::dock_layout_never_overlaps_the_tab_strip_for_any_panel_combination ... ok
native	Run cargo test --workspace --locked	2026-09-18T11:44:40.4336910Z test widgets::tests::field_semantics_exclude_preedit_and_disabled_controls_have_no_actions ... ok
native	Run cargo test --workspace --locked	2026-09-18T11:44:40.4343326Z test widgets::tests::million_row_paint_only_reads_visible_rows_and_navigation_reveals_selection ... ok
native	Run cargo test --workspace --locked	2026-09-18T11:44:40.4345495Z test widgets::tests::numeric_controls_reject_nonfinite_input_clamp_and_cancel_drag_on_focus_loss ... ok
native	Run cargo test --workspace --locked	2026-09-18T11:44:40.4346330Z test widgets::tests::splitter_widths_round_trip_through_persistence ... ok
native	Run cargo test --workspace --locked	2026-09-18T11:44:40.4346940Z test widgets::tests::two_left_sections_can_be_open_at_once ... ok
native	Run cargo test --workspace --locked	2026-09-18T11:44:40.4349070Z 
native	Run cargo test --workspace --locked	2026-09-18T11:44:40.4349400Z test result: ok. 15 passed; 0 failed; 0 ignored; 0 measured; 0 filtered out; finished in 0.00s
native	Run cargo test --workspace --locked	2026-09-18T11:44:40.4349865Z 
native	Run cargo test --workspace --locked	2026-09-18T11:44:40.4362902Z ^[[1m^[[92m     Running^[[0m tests\advanced_controls.rs (target\debug\deps\advanced_controls-7feaca290b7b54ee.exe)
native	Run cargo test --workspace --locked	2026-09-18T11:44:40.4456421Z 
native	Run cargo test --workspace --locked	2026-09-18T11:44:40.4456861Z running 9 tests
native	Run cargo test --workspace --locked	2026-09-18T11:44:40.4463804Z test deferred_scrollbar_commits_on_release_and_unknown_extent_refines_without_jump ... ok
native	Run cargo test --workspace --locked	2026-09-18T11:44:40.4464623Z test focus_loss_cancels_capture_even_when_popup_handles_and_target_was_disabled ... ok
native	Run cargo test --workspace --locked	2026-09-18T11:44:40.4465386Z test indexed_variable_rows_align_hit_testing_and_reveal_without_prefix_scan ... ok
native	Run cargo test --workspace --locked	2026-09-18T11:44:40.4466577Z test discovered_tree_children_refresh_expansion_and_prune_removed_descendants ... ok
native	Run cargo test --workspace --locked	2026-09-18T11:44:40.4469209Z test lazy_tree_seeks_million_siblings_and_requests_only_expanded_children ... ok
native	Run cargo test --workspace --locked	2026-09-18T11:44:40.4470443Z test routing_capture_focus_hit_ancestors_and_release_are_ordered ... ok
native	Run cargo test --workspace --locked	2026-09-18T11:44:40.4471508Z test sticky_panel_tooltip_deadline_and_banner_dismiss_are_explicit ... ok
native	Run cargo test --workspace --locked	2026-09-18T11:44:40.4472272Z test password_masks_layout_clipboard_and_semantics_while_decimal_rejects_invalid_commit ... ok
native	Run cargo test --workspace --locked	2026-09-18T11:44:40.4473054Z test visible_semantics_preserve_disabled_rows_and_router_reports_consumption ... ok
native	Run cargo test --workspace --locked	2026-09-18T11:44:40.4473497Z 
native	Run cargo test --workspace --locked	2026-09-18T11:44:40.4473805Z test result: ok. 9 passed; 0 failed; 0 ignored; 0 measured; 0 filtered out; finished in 0.00s
native	Run cargo test --workspace --locked	2026-09-18T11:44:40.4474232Z 
native	Run cargo test --workspace --locked	2026-09-18T11:44:40.4493427Z ^[[1m^[[92m     Running^[[0m tests\themed_goldens.rs (target\debug\deps\themed_goldens-23b7916a196a4fa5.exe)
native	Run cargo test --workspace --locked	2026-09-18T11:44:40.4583851Z 
native	Run cargo test --workspace --locked	2026-09-18T11:44:40.4584349Z running 1 test
native	Run cargo test --workspace --locked	2026-09-18T11:44:40.4605871Z test every_control_records_resolved_theme_at_required_scales ... ok
native	Run cargo test --workspace --locked	2026-09-18T11:44:40.4606263Z 
native	Run cargo test --workspace --locked	2026-09-18T11:44:40.4606570Z test result: ok. 1 passed; 0 failed; 0 ignored; 0 measured; 0 filtered out; finished in 0.00s
native	Run cargo test --workspace --locked	2026-09-18T11:44:40.4607036Z 
native	Run cargo test --workspace --locked	2026-09-18T11:44:40.4628019Z ^[[1m^[[92m     Running^[[0m unittests src\lib.rs (target\debug\deps\bareline_unicode_fold-8e12bed1b9007844.exe)
native	Run cargo test --workspace --locked	2026-09-18T11:44:40.4717258Z 
native	Run cargo test --workspace --locked	2026-09-18T11:44:40.4717715Z running 1 test
native	Run cargo test --workspace --locked	2026-09-18T11:44:40.4720887Z test tests::expansions_and_sigma ... ok
native	Run cargo test --workspace --locked	2026-09-18T11:44:40.4721156Z 
native	Run cargo test --workspace --locked	2026-09-18T11:44:40.4721482Z test result: ok. 1 passed; 0 failed; 0 ignored; 0 measured; 0 filtered out; finished in 0.00s
native	Run cargo test --workspace --locked	2026-09-18T11:44:40.4721943Z 
native	Run cargo test --workspace --locked	2026-09-18T11:44:40.4737501Z ^[[1m^[[92m     Running^[[0m unittests src\main.rs (target\debug\deps\bareline_update_helper-fb803f8d87d385ba.exe)
native	Run cargo test --workspace --locked	2026-09-18T11:44:40.4832531Z 
native	Run cargo test --workspace --locked	2026-09-18T11:44:40.4833096Z running 0 tests
native	Run cargo test --workspace --locked	2026-09-18T11:44:40.4833520Z 
native	Run cargo test --workspace --locked	2026-09-18T11:44:40.4833983Z test result: ok. 0 passed; 0 failed; 0 ignored; 0 measured; 0 filtered out; finished in 0.00s
native	Run cargo test --workspace --locked	2026-09-18T11:44:40.4834794Z 
native	Run cargo test --workspace --locked	2026-09-18T11:44:40.4850593Z ^[[1m^[[92m     Running^[[0m unittests src\lib.rs (target\debug\deps\bareline_xml_tools-7226d8926380ba75.exe)
native	Run cargo test --workspace --locked	2026-09-18T11:44:40.4945127Z 
native	Run cargo test --workspace --locked	2026-09-18T11:44:40.4945645Z running 8 tests
native	Run cargo test --workspace --locked	2026-09-18T11:44:40.4957524Z test decoded_view_tests::original_encoding_declaration_survives_decoded_text_format ... ok
native	Run cargo test --workspace --locked	2026-09-18T11:44:40.4958852Z test argument_tests::mixed_text_nodes_are_not_concatenated_for_xpath ... ok
native	Run cargo test --workspace --locked	2026-09-18T11:44:40.4959629Z test terminal_selection_tests::descendant_terminal_selection_and_missing_attributes ... ok
native	Run cargo test --workspace --locked	2026-09-18T11:44:40.4960307Z test argument_tests::arguments_and_descendant_positions ... ok
native	Run cargo test --workspace --locked	2026-09-18T11:44:40.4964060Z test tests::mixed_content_preserved ... ok
native	Run cargo test --workspace --locked	2026-09-18T11:44:40.4965277Z test tests::xpath_namespace_predicates ... ok
native	Run cargo test --workspace --locked	2026-09-18T11:44:40.4965943Z test tests::inherited_space_and_whitespace_nodes_preserved ... ok
native	Run cargo test --workspace --locked	2026-09-18T11:44:40.4968850Z test tests::security_and_well_formedness ... ok
native	Run cargo test --workspace --locked	2026-09-18T11:44:40.4969244Z 
native	Run cargo test --workspace --locked	2026-09-18T11:44:40.4969977Z test result: ok. 8 passed; 0 failed; 0 ignored; 0 measured; 0 filtered out; finished in 0.00s
native	Run cargo test --workspace --locked	2026-09-18T11:44:40.4971504Z 
native	Run cargo test --workspace --locked	2026-09-18T11:44:40.4988376Z ^[[1m^[[92m     Running^[[0m unittests src\main.rs (target\debug\deps\xtask-2302601eb487adb3.exe)
native	Run cargo test --workspace --locked	2026-09-18T11:44:40.5094598Z 
native	Run cargo test --workspace --locked	2026-09-18T11:44:40.5095175Z running 10 tests
native	Run cargo test --workspace --locked	2026-09-18T11:44:40.5104800Z test journey::evidence_tests::failure_classification_keeps_timeout_harness_and_product_results_distinct ... ok
native	Run cargo test --workspace --locked	2026-09-18T11:44:40.5109978Z test journey::evidence_tests::exact_text_cannot_override_partial_or_focus_lost_input_submission ... ok
native	Run cargo test --workspace --locked	2026-09-18T11:44:40.5115328Z test journey::evidence_tests::menu_resolution_change_receipt_compares_handle_path_labels_and_id ... ok
native	Run cargo test --workspace --locked	2026-09-18T11:44:40.5116632Z test journey::evidence_tests::evidence_counts_only_explicit_top_level_results ... ok
native	Run cargo test --workspace --locked	2026-09-18T11:44:40.5118890Z test journey::evidence_tests::input_delivery_uses_the_exact_utf16_selection_transition ... ok
native	Run cargo test --workspace --locked	2026-09-18T11:44:40.5120027Z test journey::evidence_tests::provider_identity_matches_single_and_split_production_names_only ... ok
native	Run cargo test --workspace --locked	2026-09-18T11:44:40.5121419Z test journey::evidence_tests::prompt_observations_are_bounded_and_always_retain_terminal_state ... ok
native	Run cargo test --workspace --locked	2026-09-18T11:44:40.5139789Z test journey::evidence_tests::unicode_sendinput_batches_keep_each_scalar_and_surrogate_pair_complete ... ok
native	Run cargo test --workspace --locked	2026-09-18T11:44:40.5976130Z test bench::tests::fixture_exact_length_and_existing_file_is_preserved ... ok
native	Run cargo test --workspace --locked	2026-09-18T11:44:40.8707659Z warning: in the working copy of 'tracked.txt', LF will be replaced by CRLF the next time Git touches it
native	Run cargo test --workspace --locked	2026-09-18T11:44:42.4294379Z test journey::evidence_tests::rust_and_t09_python_source_identities_share_exact_untracked_framing ... ok
native	Run cargo test --workspace --locked	2026-09-18T11:44:42.4295242Z 
native	Run cargo test --workspace --locked	2026-09-18T11:44:42.4296849Z test result: ok. 10 passed; 0 failed; 0 ignored; 0 measured; 0 filtered out; finished in 1.92s
native	Run cargo test --workspace --locked	2026-09-18T11:44:42.4298687Z 
native	Run cargo test --workspace --locked	2026-09-18T11:44:42.4321617Z ^[[1m^[[92m     Running^[[0m ..\tests\security\parser_corpus.rs (target\debug\deps\security_parser_corpus-16f982f8ff0622ba.exe)
native	Run cargo test --workspace --locked	2026-09-18T11:44:42.4428153Z 
native	Run cargo test --workspace --locked	2026-09-18T11:44:42.4428740Z running 4 tests
native	Run cargo test --workspace --locked	2026-09-18T11:44:42.4438050Z test rpc_mutations_revalidate_and_oversized_prefix_never_reads_payload ... ok
native	Run cargo test --workspace --locked	2026-09-18T11:44:42.4474327Z test udl_mutations_reject_entities_and_preserve_registry_on_error ... ok
native	Run cargo test --workspace --locked	2026-09-18T11:44:42.4529015Z test session_mutations_preserve_validation_and_pinned_roundtrip ... ok
native	Run cargo test --workspace --locked	2026-09-18T11:44:42.7384202Z test journal_mutations_preserve_valid_prefix_without_promoting_bad_tail ... ok
native	Run cargo test --workspace --locked	2026-09-18T11:44:42.7385120Z 
native	Run cargo test --workspace --locked	2026-09-18T11:44:42.7385642Z test result: ok. 4 passed; 0 failed; 0 ignored; 0 measured; 0 filtered out; finished in 0.30s
native	Run cargo test --workspace --locked	2026-09-18T11:44:42.7386200Z 
native	Run cargo test --workspace --locked	2026-09-18T11:44:42.7407906Z ^[[1m^[[92m   Doc-tests^[[0m bareline_app
native	Run cargo test --workspace --locked	2026-09-18T11:44:43.1079451Z 
native	Run cargo test --workspace --locked	2026-09-18T11:44:43.1080327Z running 0 tests
native	Run cargo test --workspace --locked	2026-09-18T11:44:43.1080542Z 
native	Run cargo test --workspace --locked	2026-09-18T11:44:43.1080895Z test result: ok. 0 passed; 0 failed; 0 ignored; 0 measured; 0 filtered out; finished in 0.00s
native	Run cargo test --workspace --locked	2026-09-18T11:44:43.1081289Z 
native	Run cargo test --workspace --locked	2026-09-18T11:44:43.1231997Z ^[[1m^[[92m   Doc-tests^[[0m bareline_commands
native	Run cargo test --workspace --locked	2026-09-18T11:44:43.1780939Z 
native	Run cargo test --workspace --locked	2026-09-18T11:44:43.1781686Z running 0 tests
native	Run cargo test --workspace --locked	2026-09-18T11:44:43.1781906Z 
native	Run cargo test --workspace --locked	2026-09-18T11:44:43.1782237Z test result: ok. 0 passed; 0 failed; 0 ignored; 0 measured; 0 filtered out; finished in 0.00s
native	Run cargo test --workspace --locked	2026-09-18T11:44:43.1782660Z 
native	Run cargo test --workspace --locked	2026-09-18T11:44:43.1890716Z ^[[1m^[[92m   Doc-tests^[[0m bareline_diagnostics
native	Run cargo test --workspace --locked	2026-09-18T11:44:43.2248959Z 
native	Run cargo test --workspace --locked	2026-09-18T11:44:43.2249793Z running 0 tests
native	Run cargo test --workspace --locked	2026-09-18T11:44:43.2250035Z 
native	Run cargo test --workspace --locked	2026-09-18T11:44:43.2250378Z test result: ok. 0 passed; 0 failed; 0 ignored; 0 measured; 0 filtered out; finished in 0.00s
native	Run cargo test --workspace --locked	2026-09-18T11:44:43.2250788Z 
native	Run cargo test --workspace --locked	2026-09-18T11:44:43.2334295Z ^[[1m^[[92m   Doc-tests^[[0m bareline_diff
native	Run cargo test --workspace --locked	2026-09-18T11:44:43.2908225Z 
native	Run cargo test --workspace --locked	2026-09-18T11:44:43.2908988Z running 0 tests
native	Run cargo test --workspace --locked	2026-09-18T11:44:43.2909460Z 
native	Run cargo test --workspace --locked	2026-09-18T11:44:43.2909930Z test result: ok. 0 passed; 0 failed; 0 ignored; 0 measured; 0 filtered out; finished in 0.00s
native	Run cargo test --workspace --locked	2026-09-18T11:44:43.2910468Z 
native	Run cargo test --workspace --locked	2026-09-18T11:44:43.2994759Z ^[[1m^[[92m   Doc-tests^[[0m bareline_distribution
native	Run cargo test --workspace --locked	2026-09-18T11:44:43.3706563Z 
native	Run cargo test --workspace --locked	2026-09-18T11:44:43.3707323Z running 0 tests
native	Run cargo test --workspace --locked	2026-09-18T11:44:43.3708174Z 
native	Run cargo test --workspace --locked	2026-09-18T11:44:43.3708706Z test result: ok. 0 passed; 0 failed; 0 ignored; 0 measured; 0 filtered out; finished in 0.00s
native	Run cargo test --workspace --locked	2026-09-18T11:44:43.3709241Z 
native	Run cargo test --workspace --locked	2026-09-18T11:44:43.3837038Z ^[[1m^[[92m   Doc-tests^[[0m bareline_document
native	Run cargo test --workspace --locked	2026-09-18T11:44:43.4766681Z 
native	Run cargo test --workspace --locked	2026-09-18T11:44:43.4767391Z running 0 tests
native	Run cargo test --workspace --locked	2026-09-18T11:44:43.4767638Z 
native	Run cargo test --workspace --locked	2026-09-18T11:44:43.4768013Z test result: ok. 0 passed; 0 failed; 0 ignored; 0 measured; 0 filtered out; finished in 0.00s
native	Run cargo test --workspace --locked	2026-09-18T11:44:43.4768476Z 
native	Run cargo test --workspace --locked	2026-09-18T11:44:43.4977555Z ^[[1m^[[92m   Doc-tests^[[0m bareline_editor_surface
native	Run cargo test --workspace --locked	2026-09-18T11:44:43.7442022Z 
native	Run cargo test --workspace --locked	2026-09-18T11:44:43.7443116Z running 0 tests
native	Run cargo test --workspace --locked	2026-09-18T11:44:43.7443355Z 
native	Run cargo test --workspace --locked	2026-09-18T11:44:43.7443693Z test result: ok. 0 passed; 0 failed; 0 ignored; 0 measured; 0 filtered out; finished in 0.00s
native	Run cargo test --workspace --locked	2026-09-18T11:44:43.7444103Z 
native	Run cargo test --workspace --locked	2026-09-18T11:44:43.7565479Z ^[[1m^[[92m   Doc-tests^[[0m bareline_extension_host
native	Run cargo test --workspace --locked	2026-09-18T11:44:43.8376742Z 
native	Run cargo test --workspace --locked	2026-09-18T11:44:43.8377685Z running 0 tests
native	Run cargo test --workspace --locked	2026-09-18T11:44:43.8377916Z 
native	Run cargo test --workspace --locked	2026-09-18T11:44:43.8378594Z test result: ok. 0 passed; 0 failed; 0 ignored; 0 measured; 0 filtered out; finished in 0.00s
native	Run cargo test --workspace --locked	2026-09-18T11:44:43.8379034Z 
native	Run cargo test --workspace --locked	2026-09-18T11:44:43.8460210Z ^[[1m^[[92m   Doc-tests^[[0m bareline_extension_sdk
native	Run cargo test --workspace --locked	2026-09-18T11:44:43.8966205Z 
native	Run cargo test --workspace --locked	2026-09-18T11:44:43.8967758Z running 0 tests
native	Run cargo test --workspace --locked	2026-09-18T11:44:43.8977507Z 
native	Run cargo test --workspace --locked	2026-09-18T11:44:43.8979427Z test result: ok. 0 passed; 0 failed; 0 ignored; 0 measured; 0 filtered out; finished in 0.00s
native	Run cargo test --workspace --locked	2026-09-18T11:44:43.8980051Z 
native	Run cargo test --workspace --locked	2026-09-18T11:44:43.9070766Z ^[[1m^[[92m   Doc-tests^[[0m bareline_extensions_protocol
native	Run cargo test --workspace --locked	2026-09-18T11:44:44.0711016Z 
native	Run cargo test --workspace --locked	2026-09-18T11:44:44.0711796Z running 0 tests
native	Run cargo test --workspace --locked	2026-09-18T11:44:44.0712030Z 
native	Run cargo test --workspace --locked	2026-09-18T11:44:44.0712413Z test result: ok. 0 passed; 0 failed; 0 ignored; 0 measured; 0 filtered out; finished in 0.00s
native	Run cargo test --workspace --locked	2026-09-18T11:44:44.0712881Z 
native	Run cargo test --workspace --locked	2026-09-18T11:44:44.0854379Z ^[[1m^[[92m   Doc-tests^[[0m bareline_file_io
native	Run cargo test --workspace --locked	2026-09-18T11:44:44.4992051Z 
native	Run cargo test --workspace --locked	2026-09-18T11:44:44.4992804Z running 0 tests
native	Run cargo test --workspace --locked	2026-09-18T11:44:44.4993030Z 
native	Run cargo test --workspace --locked	2026-09-18T11:44:44.4993386Z test result: ok. 0 passed; 0 failed; 0 ignored; 0 measured; 0 filtered out; finished in 0.00s
native	Run cargo test --workspace --locked	2026-09-18T11:44:44.4993819Z 
native	Run cargo test --workspace --locked	2026-09-18T11:44:44.5124171Z ^[[1m^[[92m   Doc-tests^[[0m bareline_first_party_common
native	Run cargo test --workspace --locked	2026-09-18T11:44:44.5669833Z 
native	Run cargo test --workspace --locked	2026-09-18T11:44:44.5670603Z running 0 tests
native	Run cargo test --workspace --locked	2026-09-18T11:44:44.5670840Z 
native	Run cargo test --workspace --locked	2026-09-18T11:44:44.5671227Z test result: ok. 0 passed; 0 failed; 0 ignored; 0 measured; 0 filtered out; finished in 0.00s
native	Run cargo test --workspace --locked	2026-09-18T11:44:44.5671680Z 
native	Run cargo test --workspace --locked	2026-09-18T11:44:44.5758466Z ^[[1m^[[92m   Doc-tests^[[0m bareline_hex_view
native	Run cargo test --workspace --locked	2026-09-18T11:44:44.6230072Z 
native	Run cargo test --workspace --locked	2026-09-18T11:44:44.6230701Z running 0 tests
native	Run cargo test --workspace --locked	2026-09-18T11:44:44.6230891Z 
native	Run cargo test --workspace --locked	2026-09-18T11:44:44.6231134Z test result: ok. 0 passed; 0 failed; 0 ignored; 0 measured; 0 filtered out; finished in 0.00s
native	Run cargo test --workspace --locked	2026-09-18T11:44:44.6231398Z 
native	Run cargo test --workspace --locked	2026-09-18T11:44:44.6329213Z ^[[1m^[[92m   Doc-tests^[[0m bareline_json_tools
native	Run cargo test --workspace --locked	2026-09-18T11:44:44.6865157Z 
native	Run cargo test --workspace --locked	2026-09-18T11:44:44.6865751Z running 0 tests
native	Run cargo test --workspace --locked	2026-09-18T11:44:44.6865975Z 
native	Run cargo test --workspace --locked	2026-09-18T11:44:44.6866531Z test result: ok. 0 passed; 0 failed; 0 ignored; 0 measured; 0 filtered out; finished in 0.00s
native	Run cargo test --workspace --locked	2026-09-18T11:44:44.6867035Z 
native	Run cargo test --workspace --locked	2026-09-18T11:44:44.6970483Z ^[[1m^[[92m   Doc-tests^[[0m bareline_lexilla_bridge
native	Run cargo test --workspace --locked	2026-09-18T11:44:44.7345125Z 
native	Run cargo test --workspace --locked	2026-09-18T11:44:44.7345922Z running 0 tests
native	Run cargo test --workspace --locked	2026-09-18T11:44:44.7346142Z 
native	Run cargo test --workspace --locked	2026-09-18T11:44:44.7346480Z test result: ok. 0 passed; 0 failed; 0 ignored; 0 measured; 0 filtered out; finished in 0.00s
native	Run cargo test --workspace --locked	2026-09-18T11:44:44.7346906Z 
native	Run cargo test --workspace --locked	2026-09-18T11:44:44.7437991Z ^[[1m^[[92m   Doc-tests^[[0m bareline_macros
native	Run cargo test --workspace --locked	2026-09-18T11:44:44.8036737Z 
native	Run cargo test --workspace --locked	2026-09-18T11:44:44.8037524Z running 0 tests
native	Run cargo test --workspace --locked	2026-09-18T11:44:44.8037743Z 
native	Run cargo test --workspace --locked	2026-09-18T11:44:44.8038079Z test result: ok. 0 passed; 0 failed; 0 ignored; 0 measured; 0 filtered out; finished in 0.00s
native	Run cargo test --workspace --locked	2026-09-18T11:44:44.8038483Z 
native	Run cargo test --workspace --locked	2026-09-18T11:44:44.8128731Z ^[[1m^[[92m   Doc-tests^[[0m bareline_platform
native	Run cargo test --workspace --locked	2026-09-18T11:44:44.8942759Z 
native	Run cargo test --workspace --locked	2026-09-18T11:44:44.8943746Z running 0 tests
native	Run cargo test --workspace --locked	2026-09-18T11:44:44.8943991Z 
native	Run cargo test --workspace --locked	2026-09-18T11:44:44.8944364Z test result: ok. 0 passed; 0 failed; 0 ignored; 0 measured; 0 filtered out; finished in 0.00s
native	Run cargo test --workspace --locked	2026-09-18T11:44:44.8944822Z 
native	Run cargo test --workspace --locked	2026-09-18T11:44:44.9077503Z ^[[1m^[[92m   Doc-tests^[[0m bareline_platform_linux
native	Run cargo test --workspace --locked	2026-09-18T11:44:44.9447549Z 
native	Run cargo test --workspace --locked	2026-09-18T11:44:44.9448316Z running 0 tests
native	Run cargo test --workspace --locked	2026-09-18T11:44:44.9448561Z 
native	Run cargo test --workspace --locked	2026-09-18T11:44:44.9448938Z test result: ok. 0 passed; 0 failed; 0 ignored; 0 measured; 0 filtered out; finished in 0.00s
native	Run cargo test --workspace --locked	2026-09-18T11:44:44.9449396Z 
native	Run cargo test --workspace --locked	2026-09-18T11:44:44.9662668Z ^[[1m^[[92m   Doc-tests^[[0m bareline_platform_macos
native	Run cargo test --workspace --locked	2026-09-18T11:44:45.0081142Z 
native	Run cargo test --workspace --locked	2026-09-18T11:44:45.0081884Z running 0 tests
native	Run cargo test --workspace --locked	2026-09-18T11:44:45.0082352Z 
native	Run cargo test --workspace --locked	2026-09-18T11:44:45.0082837Z test result: ok. 0 passed; 0 failed; 0 ignored; 0 measured; 0 filtered out; finished in 0.00s
native	Run cargo test --workspace --locked	2026-09-18T11:44:45.0083775Z 
native	Run cargo test --workspace --locked	2026-09-18T11:44:45.0176080Z ^[[1m^[[92m   Doc-tests^[[0m bareline_platform_windows
native	Run cargo test --workspace --locked	2026-09-18T11:44:45.3582606Z 
native	Run cargo test --workspace --locked	2026-09-18T11:44:45.3583378Z running 0 tests
native	Run cargo test --workspace --locked	2026-09-18T11:44:45.3583585Z 
native	Run cargo test --workspace --locked	2026-09-18T11:44:45.3583919Z test result: ok. 0 passed; 0 failed; 0 ignored; 0 measured; 0 filtered out; finished in 0.00s
native	Run cargo test --workspace --locked	2026-09-18T11:44:45.3584342Z 
native	Run cargo test --workspace --locked	2026-09-18T11:44:45.3703389Z ^[[1m^[[92m   Doc-tests^[[0m bareline_renderer
native	Run cargo test --workspace --locked	2026-09-18T11:44:45.4144139Z 
native	Run cargo test --workspace --locked	2026-09-18T11:44:45.4144924Z running 0 tests
native	Run cargo test --workspace --locked	2026-09-18T11:44:45.4145454Z 
native	Run cargo test --workspace --locked	2026-09-18T11:44:45.4145933Z test result: ok. 0 passed; 0 failed; 0 ignored; 0 measured; 0 filtered out; finished in 0.00s
native	Run cargo test --workspace --locked	2026-09-18T11:44:45.4146621Z 
native	Run cargo test --workspace --locked	2026-09-18T11:44:45.4226978Z ^[[1m^[[92m   Doc-tests^[[0m bareline_renderer_recording
native	Run cargo test --workspace --locked	2026-09-18T11:44:45.4605524Z 
native	Run cargo test --workspace --locked	2026-09-18T11:44:45.4606267Z running 0 tests
native	Run cargo test --workspace --locked	2026-09-18T11:44:45.4606502Z 
native	Run cargo test --workspace --locked	2026-09-18T11:44:45.4606867Z test result: ok. 0 passed; 0 failed; 0 ignored; 0 measured; 0 filtered out; finished in 0.00s
native	Run cargo test --workspace --locked	2026-09-18T11:44:45.4607342Z 
native	Run cargo test --workspace --locked	2026-09-18T11:44:45.4709153Z ^[[1m^[[92m   Doc-tests^[[0m bareline_search
native	Run cargo test --workspace --locked	2026-09-18T11:44:45.6272931Z 
native	Run cargo test --workspace --locked	2026-09-18T11:44:45.6273728Z running 0 tests
native	Run cargo test --workspace --locked	2026-09-18T11:44:45.6274186Z 
native	Run cargo test --workspace --locked	2026-09-18T11:44:45.6274677Z test result: ok. 0 passed; 0 failed; 0 ignored; 0 measured; 0 filtered out; finished in 0.00s
native	Run cargo test --workspace --locked	2026-09-18T11:44:45.6275378Z 
native	Run cargo test --workspace --locked	2026-09-18T11:44:45.6365904Z ^[[1m^[[92m   Doc-tests^[[0m bareline_settings
native	Run cargo test --workspace --locked	2026-09-18T11:44:45.7113973Z 
native	Run cargo test --workspace --locked	2026-09-18T11:44:45.7114757Z running 0 tests
native	Run cargo test --workspace --locked	2026-09-18T11:44:45.7114981Z 
native	Run cargo test --workspace --locked	2026-09-18T11:44:45.7115316Z test result: ok. 0 passed; 0 failed; 0 ignored; 0 measured; 0 filtered out; finished in 0.00s
native	Run cargo test --workspace --locked	2026-09-18T11:44:45.7115735Z 
native	Run cargo test --workspace --locked	2026-09-18T11:44:45.7200614Z ^[[1m^[[92m   Doc-tests^[[0m bareline_syntax
native	Run cargo test --workspace --locked	2026-09-18T11:44:45.8155464Z 
native	Run cargo test --workspace --locked	2026-09-18T11:44:45.8156107Z running 0 tests
native	Run cargo test --workspace --locked	2026-09-18T11:44:45.8156345Z 
native	Run cargo test --workspace --locked	2026-09-18T11:44:45.8156732Z test result: ok. 0 passed; 0 failed; 0 ignored; 0 measured; 0 filtered out; finished in 0.00s
native	Run cargo test --workspace --locked	2026-09-18T11:44:45.8157200Z 
native	Run cargo test --workspace --locked	2026-09-18T11:44:45.8297620Z ^[[1m^[[92m   Doc-tests^[[0m bareline_ui
native	Run cargo test --workspace --locked	2026-09-18T11:44:45.9019009Z 
native	Run cargo test --workspace --locked	2026-09-18T11:44:45.9019813Z running 0 tests
native	Run cargo test --workspace --locked	2026-09-18T11:44:45.9020053Z 
native	Run cargo test --workspace --locked	2026-09-18T11:44:45.9020411Z test result: ok. 0 passed; 0 failed; 0 ignored; 0 measured; 0 filtered out; finished in 0.00s
native	Run cargo test --workspace --locked	2026-09-18T11:44:45.9020881Z 
native	Run cargo test --workspace --locked	2026-09-18T11:44:45.9132512Z ^[[1m^[[92m   Doc-tests^[[0m bareline_unicode_fold
native	Run cargo test --workspace --locked	2026-09-18T11:44:45.9471736Z 
native	Run cargo test --workspace --locked	2026-09-18T11:44:45.9472501Z running 0 tests
native	Run cargo test --workspace --locked	2026-09-18T11:44:45.9472741Z 
native	Run cargo test --workspace --locked	2026-09-18T11:44:45.9473103Z test result: ok. 0 passed; 0 failed; 0 ignored; 0 measured; 0 filtered out; finished in 0.00s
native	Run cargo test --workspace --locked	2026-09-18T11:44:45.9473567Z 
native	Run cargo test --workspace --locked	2026-09-18T11:44:45.9581769Z ^[[1m^[[92m   Doc-tests^[[0m bareline_xml_tools
native	Run cargo test --workspace --locked	2026-09-18T11:44:46.0165504Z 
native	Run cargo test --workspace --locked	2026-09-18T11:44:46.0166322Z running 0 tests
native	Run cargo test --workspace --locked	2026-09-18T11:44:46.0166560Z 
native	Run cargo test --workspace --locked	2026-09-18T11:44:46.0166917Z test result: ok. 0 passed; 0 failed; 0 ignored; 0 measured; 0 filtered out; finished in 0.00s
native	Run cargo test --workspace --locked	2026-09-18T11:44:46.0167389Z 
native	Qualify actual first-party WASI components with the release host	﻿2026-09-18T11:44:46.1514088Z ##[group]Run ./scripts/test-first-party.ps1 -Suite Fast
native	Qualify actual first-party WASI components with the release host	2026-09-18T11:44:46.1515007Z ^[[36;1m./scripts/test-first-party.ps1 -Suite Fast^[[0m
native	Qualify actual first-party WASI components with the release host	2026-09-18T11:44:46.1599136Z shell: C:\Program Files\PowerShell\7\pwsh.EXE -command ". '{0}'"
native	Qualify actual first-party WASI components with the release host	2026-09-18T11:44:46.1599605Z env:
native	Qualify actual first-party WASI components with the release host	2026-09-18T11:44:46.1599874Z   CARGO_HOME: C:\Users\runneradmin\.cargo
native	Qualify actual first-party WASI components with the release host	2026-09-18T11:44:46.1600222Z   CARGO_INCREMENTAL: 0
native	Qualify actual first-party WASI components with the release host	2026-09-18T11:44:46.1600498Z   CARGO_TERM_COLOR: always
native	Qualify actual first-party WASI components with the release host	2026-09-18T11:44:46.1600889Z   pythonLocation: C:\hostedtoolcache\windows\Python\3.12.10\x64
native	Qualify actual first-party WASI components with the release host	2026-09-18T11:44:46.1601507Z   PKG_CONFIG_PATH: C:\hostedtoolcache\windows\Python\3.12.10\x64/lib/pkgconfig
native	Qualify actual first-party WASI components with the release host	2026-09-18T11:44:46.1602104Z   Python_ROOT_DIR: C:\hostedtoolcache\windows\Python\3.12.10\x64
native	Qualify actual first-party WASI components with the release host	2026-09-18T11:44:46.1602633Z   Python2_ROOT_DIR: C:\hostedtoolcache\windows\Python\3.12.10\x64
native	Qualify actual first-party WASI components with the release host	2026-09-18T11:44:46.1603164Z   Python3_ROOT_DIR: C:\hostedtoolcache\windows\Python\3.12.10\x64
native	Qualify actual first-party WASI components with the release host	2026-09-18T11:44:46.1603602Z ##[endgroup]
native	Qualify actual first-party WASI components with the release host	2026-09-18T11:44:50.7096280Z D:\a\BareLine\BareLine\target\first-party\20260918T114446.5766458Z-4104-291fc5a7\wasi-target.json
native	Qualify actual first-party WASI components with the release host	2026-09-18T11:45:38.4620132Z D:\a\BareLine\BareLine\target\first-party\20260918T114446.5766458Z-4104-291fc5a7\component-build.json
native	Qualify actual first-party WASI components with the release host	2026-09-18T11:55:26.0350691Z D:\a\BareLine\BareLine\target\first-party\20260918T114446.5766458Z-4104-291fc5a7\host-test-compile.json
native	Qualify actual first-party WASI components with the release host	2026-09-18T11:55:36.6964401Z D:\a\BareLine\BareLine\target\first-party\20260918T114446.5766458Z-4104-291fc5a7\test-fast.json
native	Qualify actual first-party WASI components with the release host	2026-09-18T11:55:43.3815792Z First-party qualification evidence: D:\a\BareLine\BareLine\target\first-party\20260918T114446.5766458Z-4104-291fc5a7\run.json
native	Retain first-party runtime qualification telemetry	﻿2026-09-18T11:55:43.4578432Z Node 20 is being deprecated. This workflow is running with Node 24 by default. If you need to temporarily use Node 20, you can set the ACTIONS_ALLOW_USE_UNSECURE_NODE_VERSION=true environment variable. For more information see: https://github.blog/changelog/2025-09-19-deprecation-of-node-20-on-github-actions-runners/
native	Retain first-party runtime qualification telemetry	2026-09-18T11:55:43.4579619Z ##[group]Run actions/upload-artifact@v4
native	Retain first-party runtime qualification telemetry	2026-09-18T11:55:43.4580204Z with:
native	Retain first-party runtime qualification telemetry	2026-09-18T11:55:43.4580446Z   name: first-party-runtime-qualification
native	Retain first-party runtime qualification telemetry	2026-09-18T11:55:43.4580741Z   path: target/first-party/
native	Retain first-party runtime qualification telemetry	2026-09-18T11:55:43.4580992Z   if-no-files-found: error
native	Retain first-party runtime qualification telemetry	2026-09-18T11:55:43.4581235Z   compression-level: 6
native	Retain first-party runtime qualification telemetry	2026-09-18T11:55:43.4581484Z   overwrite: false
native	Retain first-party runtime qualification telemetry	2026-09-18T11:55:43.4581710Z   include-hidden-files: false
native	Retain first-party runtime qualification telemetry	2026-09-18T11:55:43.4581950Z env:
native	Retain first-party runtime qualification telemetry	2026-09-18T11:55:43.4582175Z   CARGO_HOME: C:\Users\runneradmin\.cargo
native	Retain first-party runtime qualification telemetry	2026-09-18T11:55:43.4582473Z   CARGO_INCREMENTAL: 0
native	Retain first-party runtime qualification telemetry	2026-09-18T11:55:43.4582696Z   CARGO_TERM_COLOR: always
native	Retain first-party runtime qualification telemetry	2026-09-18T11:55:43.4582990Z   pythonLocation: C:\hostedtoolcache\windows\Python\3.12.10\x64
native	Retain first-party runtime qualification telemetry	2026-09-18T11:55:43.4583486Z   PKG_CONFIG_PATH: C:\hostedtoolcache\windows\Python\3.12.10\x64/lib/pkgconfig
native	Retain first-party runtime qualification telemetry	2026-09-18T11:55:43.4583909Z   Python_ROOT_DIR: C:\hostedtoolcache\windows\Python\3.12.10\x64
native	Retain first-party runtime qualification telemetry	2026-09-18T11:55:43.4584348Z   Python2_ROOT_DIR: C:\hostedtoolcache\windows\Python\3.12.10\x64
native	Retain first-party runtime qualification telemetry	2026-09-18T11:55:43.4584724Z   Python3_ROOT_DIR: C:\hostedtoolcache\windows\Python\3.12.10\x64
native	Retain first-party runtime qualification telemetry	2026-09-18T11:55:43.4585030Z ##[endgroup]
native	Retain first-party runtime qualification telemetry	2026-09-18T11:55:48.1288499Z (node:7964) [DEP0040] DeprecationWarning: The `punycode` module is deprecated. Please use a userland alternative instead.
native	Retain first-party runtime qualification telemetry	2026-09-18T11:55:48.1289592Z (Use `node --trace-deprecation ...` to show where the warning was created)
native	Retain first-party runtime qualification telemetry	2026-09-18T11:55:48.1598105Z With the provided path, there will be 21 files uploaded
native	Retain first-party runtime qualification telemetry	2026-09-18T11:55:48.1602225Z Artifact name is valid!
native	Retain first-party runtime qualification telemetry	2026-09-18T11:55:48.1603175Z Root directory input is valid!
native	Retain first-party runtime qualification telemetry	2026-09-18T11:55:48.7806298Z Beginning upload of artifact content to blob storage
native	Retain first-party runtime qualification telemetry	2026-09-18T11:55:49.0201424Z (node:7964) [DEP0169] DeprecationWarning: `url.parse()` behavior is not standardized and prone to errors that have security implications. Use the WHATWG URL API instead. CVEs are not issued for `url.parse()` vulnerabilities.
native	Retain first-party runtime qualification telemetry	2026-09-18T11:55:49.2830218Z Uploaded bytes 43500
native	Retain first-party runtime qualification telemetry	2026-09-18T11:55:49.3440592Z Finished uploading artifact content to blob storage!
native	Retain first-party runtime qualification telemetry	2026-09-18T11:55:49.3441993Z SHA256 digest of uploaded artifact zip is 2ec1d5289258a8cd8007abbf8031d95da730ead404d476f82115fd1810b4fabb
native	Retain first-party runtime qualification telemetry	2026-09-18T11:55:49.3443676Z Finalizing artifact upload
native	Retain first-party runtime qualification telemetry	2026-09-18T11:55:49.5697076Z Artifact first-party-runtime-qualification.zip successfully finalized. Artifact ID 10544914375
native	Retain first-party runtime qualification telemetry	2026-09-18T11:55:49.5698143Z Artifact first-party-runtime-qualification has been successfully uploaded! Final size is 43500 bytes. Artifact ID is 10544914375
native	Retain first-party runtime qualification telemetry	2026-09-18T11:55:49.5736290Z Artifact download URL: https://github.com/TheWoovee/BareLine/actions/runs/35340423863/artifacts/10544914375
native	Run cargo build -p bareline --locked	﻿2026-09-18T11:55:49.6186408Z ##[group]Run cargo build -p bareline --locked
native	Run cargo build -p bareline --locked	2026-09-18T11:55:49.6186958Z ^[[36;1mcargo build -p bareline --locked^[[0m
native	Run cargo build -p bareline --locked	2026-09-18T11:55:49.6248276Z shell: C:\Program Files\PowerShell\7\pwsh.EXE -command ". '{0}'"
native	Run cargo build -p bareline --locked	2026-09-18T11:55:49.6248645Z env:
native	Run cargo build -p bareline --locked	2026-09-18T11:55:49.6248887Z   CARGO_HOME: C:\Users\runneradmin\.cargo
native	Run cargo build -p bareline --locked	2026-09-18T11:55:49.6249227Z   CARGO_INCREMENTAL: 0
native	Run cargo build -p bareline --locked	2026-09-18T11:55:49.6249468Z   CARGO_TERM_COLOR: always
native	Run cargo build -p bareline --locked	2026-09-18T11:55:49.6249813Z   pythonLocation: C:\hostedtoolcache\windows\Python\3.12.10\x64
native	Run cargo build -p bareline --locked	2026-09-18T11:55:49.6250245Z   PKG_CONFIG_PATH: C:\hostedtoolcache\windows\Python\3.12.10\x64/lib/pkgconfig
native	Run cargo build -p bareline --locked	2026-09-18T11:55:49.6250669Z   Python_ROOT_DIR: C:\hostedtoolcache\windows\Python\3.12.10\x64
native	Run cargo build -p bareline --locked	2026-09-18T11:55:49.6251082Z   Python2_ROOT_DIR: C:\hostedtoolcache\windows\Python\3.12.10\x64
native	Run cargo build -p bareline --locked	2026-09-18T11:55:49.6251456Z   Python3_ROOT_DIR: C:\hostedtoolcache\windows\Python\3.12.10\x64
native	Run cargo build -p bareline --locked	2026-09-18T11:55:49.6251799Z ##[endgroup]
native	Run cargo build -p bareline --locked	2026-09-18T11:55:51.6967593Z ^[[1m^[[92m   Compiling^[[0m syn v3.0.5
native	Run cargo build -p bareline --locked	2026-09-18T11:55:51.6977218Z ^[[1m^[[92m   Compiling^[[0m hashbrown v0.17.1
native	Run cargo build -p bareline --locked	2026-09-18T11:55:51.6980618Z ^[[1m^[[92m   Compiling^[[0m digest v0.10.7
native	Run cargo build -p bareline --locked	2026-09-18T11:55:51.6994154Z ^[[1m^[[92m   Compiling^[[0m syn v2.0.119
native	Run cargo build -p bareline --locked	2026-09-18T11:55:51.8909310Z ^[[1m^[[92m   Compiling^[[0m sha2 v0.10.9
native	Run cargo build -p bareline --locked	2026-09-18T11:55:52.3973638Z ^[[1m^[[92m   Compiling^[[0m indexmap v2.14.2
native	Run cargo build -p bareline --locked	2026-09-18T11:55:52.4085138Z ^[[1m^[[92m   Compiling^[[0m bumpalo v3.20.3
native	Run cargo build -p bareline --locked	2026-09-18T11:55:52.7248700Z ^[[1m^[[92m   Compiling^[[0m zopfli v0.8.3
native	Run cargo build -p bareline --locked	2026-09-18T11:55:53.1783757Z ^[[1m^[[92m   Compiling^[[0m accesskit_consumer v0.39.0
native	Run cargo build -p bareline --locked	2026-09-18T11:55:53.9025458Z ^[[1m^[[92m   Compiling^[[0m tracing-core v0.1.36
native	Run cargo build -p bareline --locked	2026-09-18T11:55:54.6093428Z ^[[1m^[[92m   Compiling^[[0m tracing v0.1.44
native	Run cargo build -p bareline --locked	2026-09-18T11:55:54.7986923Z ^[[1m^[[92m   Compiling^[[0m serde_derive v1.0.229
native	Run cargo build -p bareline --locked	2026-09-18T11:55:54.8382194Z ^[[1m^[[92m   Compiling^[[0m thiserror-impl v2.0.20
native	Run cargo build -p bareline --locked	2026-09-18T11:55:54.9543738Z ^[[1m^[[92m   Compiling^[[0m displaydoc v0.2.7
native	Run cargo build -p bareline --locked	2026-09-18T11:55:55.7546881Z ^[[1m^[[92m   Compiling^[[0m md-5 v0.10.6
native	Run cargo build -p bareline --locked	2026-09-18T11:55:55.8763038Z ^[[1m^[[92m   Compiling^[[0m sha1 v0.10.6
native	Run cargo build -p bareline --locked	2026-09-18T11:55:56.1248006Z ^[[1m^[[92m   Compiling^[[0m bitflags v2.13.1
native	Run cargo build -p bareline --locked	2026-09-18T11:55:56.3396643Z ^[[1m^[[92m   Compiling^[[0m thiserror v2.0.20
native	Run cargo build -p bareline --locked	2026-09-18T11:55:56.3687878Z ^[[1m^[[92m   Compiling^[[0m winit v0.30.13
native	Run cargo build -p bareline --locked	2026-09-18T11:55:56.4083039Z ^[[1m^[[92m   Compiling^[[0m cobs v0.3.0
native	Run cargo build -p bareline --locked	2026-09-18T11:55:56.5464368Z ^[[1m^[[92m   Compiling^[[0m windows-implement v0.60.2
native	Run cargo build -p bareline --locked	2026-09-18T11:55:56.5871912Z ^[[1m^[[92m   Compiling^[[0m windows-interface v0.59.3
native	Run cargo build -p bareline --locked	2026-09-18T11:55:57.3121836Z ^[[1m^[[92m   Compiling^[[0m zip v2.4.2
native	Run cargo build -p bareline --locked	2026-09-18T11:55:57.3917491Z ^[[1m^[[92m   Compiling^[[0m windows-core v0.62.2
native	Run cargo build -p bareline --locked	2026-09-18T11:55:58.1295553Z ^[[1m^[[92m   Compiling^[[0m windows-numerics v0.3.1
native	Run cargo build -p bareline --locked	2026-09-18T11:55:58.3358387Z ^[[1m^[[92m   Compiling^[[0m windows-collections v0.3.2
native	Run cargo build -p bareline --locked	2026-09-18T11:55:58.8593412Z ^[[1m^[[92m   Compiling^[[0m serde v1.0.229
native	Run cargo build -p bareline --locked	2026-09-18T11:55:58.8863366Z ^[[1m^[[92m   Compiling^[[0m windows-future v0.3.2
native	Run cargo build -p bareline --locked	2026-09-18T11:55:59.6191191Z ^[[1m^[[92m   Compiling^[[0m serde_spanned v0.6.9
native	Run cargo build -p bareline --locked	2026-09-18T11:55:59.6228954Z ^[[1m^[[92m   Compiling^[[0m toml_datetime v0.6.11
native	Run cargo build -p bareline --locked	2026-09-18T11:55:59.7248799Z ^[[1m^[[92m   Compiling^[[0m bareline-platform v0.1.0 (D:\a\BareLine\BareLine\crates\platform)
native	Run cargo build -p bareline --locked	2026-09-18T11:55:59.7256592Z ^[[1m^[[92m   Compiling^[[0m heapless v0.7.17
native	Run cargo build -p bareline --locked	2026-09-18T11:55:59.9507096Z ^[[1m^[[92m   Compiling^[[0m toml_edit v0.22.27
native	Run cargo build -p bareline --locked	2026-09-18T11:56:00.3783361Z ^[[1m^[[92m   Compiling^[[0m bareline-file-io v0.1.0 (D:\a\BareLine\BareLine\crates\file-io)
native	Run cargo build -p bareline --locked	2026-09-18T11:56:00.8704556Z ^[[1m^[[92m   Compiling^[[0m postcard v1.1.3
native	Run cargo build -p bareline --locked	2026-09-18T11:56:01.1591916Z ^[[1m^[[92m   Compiling^[[0m windows v0.62.2
native	Run cargo build -p bareline --locked	2026-09-18T11:56:01.2855274Z ^[[1m^[[92m   Compiling^[[0m bareline-distribution v0.1.0 (D:\a\BareLine\BareLine\crates\distribution)
native	Run cargo build -p bareline --locked	2026-09-18T11:56:02.6666015Z ^[[1m^[[92m   Compiling^[[0m bareline-commands v0.1.0 (D:\a\BareLine\BareLine\crates\commands)
native	Run cargo build -p bareline --locked	2026-09-18T11:56:04.7232748Z ^[[1m^[[92m   Compiling^[[0m bareline-search v0.1.0 (D:\a\BareLine\BareLine\crates\search)
native	Run cargo build -p bareline --locked	2026-09-18T11:56:05.8814618Z ^[[1m^[[92m   Compiling^[[0m bareline-macros v0.1.0 (D:\a\BareLine\BareLine\crates\macros)
native	Run cargo build -p bareline --locked	2026-09-18T11:56:07.3448703Z ^[[1m^[[92m   Compiling^[[0m bareline-syntax v0.1.0 (D:\a\BareLine\BareLine\crates\syntax)
native	Run cargo build -p bareline --locked	2026-09-18T11:56:09.2196879Z ^[[1m^[[92m   Compiling^[[0m bareline-extensions-protocol v0.1.0 (D:\a\BareLine\BareLine\crates\extensions-protocol)
native	Run cargo build -p bareline --locked	2026-09-18T11:56:11.3884101Z ^[[1m^[[92m   Compiling^[[0m bareline-editor-surface v0.1.0 (D:\a\BareLine\BareLine\crates\editor-surface)
native	Run cargo build -p bareline --locked	2026-09-18T11:56:12.7431664Z ^[[1m^[[92m   Compiling^[[0m bareline-settings v0.1.0 (D:\a\BareLine\BareLine\crates\settings)
native	Run cargo build -p bareline --locked	2026-09-18T11:56:14.8141713Z ^[[1m^[[92m   Compiling^[[0m bareline-app v0.1.0 (D:\a\BareLine\BareLine\crates\app)
native	Run cargo build -p bareline --locked	2026-09-18T11:56:40.3270351Z ^[[1m^[[92m   Compiling^[[0m accesskit_windows v0.35.0 (D:\a\BareLine\BareLine\vendor\accesskit_windows-0.35.0)
native	Run cargo build -p bareline --locked	2026-09-18T11:56:41.0395277Z ^[[1m^[[92m   Compiling^[[0m bareline-platform-windows v0.1.0 (D:\a\BareLine\BareLine\crates\platform-windows)
native	Run cargo build -p bareline --locked	2026-09-18T11:56:48.6805120Z ^[[1m^[[92m   Compiling^[[0m bareline v0.1.0 (D:\a\BareLine\BareLine\apps\bareline)
native	Run cargo build -p bareline --locked	2026-09-18T11:57:03.1634422Z ^[[1m^[[92m    Finished^[[0m `dev` profile [unoptimized + debuginfo] target(s) in 1m 13s
native	Run cargo xtask perf smoke	﻿2026-09-18T11:57:03.2691979Z ##[group]Run cargo xtask perf smoke
native	Run cargo xtask perf smoke	2026-09-18T11:57:03.2692315Z ^[[36;1mcargo xtask perf smoke^[[0m
native	Run cargo xtask perf smoke	2026-09-18T11:57:03.2749402Z shell: C:\Program Files\PowerShell\7\pwsh.EXE -command ". '{0}'"
native	Run cargo xtask perf smoke	2026-09-18T11:57:03.2749697Z env:
native	Run cargo xtask perf smoke	2026-09-18T11:57:03.2749873Z   CARGO_HOME: C:\Users\runneradmin\.cargo
native	Run cargo xtask perf smoke	2026-09-18T11:57:03.2750098Z   CARGO_INCREMENTAL: 0
native	Run cargo xtask perf smoke	2026-09-18T11:57:03.2750274Z   CARGO_TERM_COLOR: always
native	Run cargo xtask perf smoke	2026-09-18T11:57:03.2750530Z   pythonLocation: C:\hostedtoolcache\windows\Python\3.12.10\x64
native	Run cargo xtask perf smoke	2026-09-18T11:57:03.2750897Z   PKG_CONFIG_PATH: C:\hostedtoolcache\windows\Python\3.12.10\x64/lib/pkgconfig
native	Run cargo xtask perf smoke	2026-09-18T11:57:03.2751266Z   Python_ROOT_DIR: C:\hostedtoolcache\windows\Python\3.12.10\x64
native	Run cargo xtask perf smoke	2026-09-18T11:57:03.2751583Z   Python2_ROOT_DIR: C:\hostedtoolcache\windows\Python\3.12.10\x64
native	Run cargo xtask perf smoke	2026-09-18T11:57:03.2751892Z   Python3_ROOT_DIR: C:\hostedtoolcache\windows\Python\3.12.10\x64
native	Run cargo xtask perf smoke	2026-09-18T11:57:03.2752151Z ##[endgroup]
native	Run cargo xtask perf smoke	2026-09-18T11:57:03.7622913Z ^[[1m^[[92m   Compiling^[[0m windows v0.62.2
native	Run cargo xtask perf smoke	2026-09-18T11:57:34.8927970Z ^[[1m^[[92m   Compiling^[[0m accesskit_windows v0.35.0 (D:\a\BareLine\BareLine\vendor\accesskit_windows-0.35.0)
native	Run cargo xtask perf smoke	2026-09-18T11:57:37.7674350Z ^[[1m^[[92m   Compiling^[[0m bareline-platform-windows v0.1.0 (D:\a\BareLine\BareLine\crates\platform-windows)
native	Run cargo xtask perf smoke	2026-09-18T11:57:42.9953399Z ^[[1m^[[92m   Compiling^[[0m xtask v0.1.0 (D:\a\BareLine\BareLine\xtask)
native	Run cargo xtask perf smoke	2026-09-18T11:57:46.8062824Z ^[[1m^[[92m    Finished^[[0m `dev` profile [unoptimized + debuginfo] target(s) in 43.24s
native	Run cargo xtask perf smoke	2026-09-18T11:57:46.8219953Z ^[[1m^[[92m     Running^[[0m `target\debug\xtask.exe perf smoke`
native	Run cargo xtask perf smoke	2026-09-18T11:57:49.3149137Z D:\a\BareLine\BareLine\tests/perf/results\launch-1789732667684368000.json
native	Post Run actions/setup-python@v5	﻿2026-09-18T11:57:49.4634923Z Node 20 is being deprecated. This workflow is running with Node 24 by default. If you need to temporarily use Node 20, you can set the ACTIONS_ALLOW_USE_UNSECURE_NODE_VERSION=true environment variable. For more information see: https://github.blog/changelog/2025-09-19-deprecation-of-node-20-on-github-actions-runners/
native	Post Run actions/setup-python@v5	2026-09-18T11:57:49.4636035Z Post job cleanup.
native	Post Run actions/setup-python@v5	2026-09-18T11:57:49.6115591Z (node:1588) [DEP0040] DeprecationWarning: The `punycode` module is deprecated. Please use a userland alternative instead.
native	Post Run actions/setup-python@v5	2026-09-18T11:57:49.6116557Z (Use `node --trace-deprecation ...` to show where the warning was created)
native	Post Run actions/checkout@v4	﻿2026-09-18T11:57:49.6787228Z Node 20 is being deprecated. This workflow is running with Node 24 by default. If you need to temporarily use Node 20, you can set the ACTIONS_ALLOW_USE_UNSECURE_NODE_VERSION=true environment variable. For more information see: https://github.blog/changelog/2025-09-19-deprecation-of-node-20-on-github-actions-runners/
native	Post Run actions/checkout@v4	2026-09-18T11:57:49.6788348Z Post job cleanup.
native	Post Run actions/checkout@v4	2026-09-18T11:57:49.8616558Z [command]"C:\Program Files\Git\bin\git.exe" version
native	Post Run actions/checkout@v4	2026-09-18T11:57:49.8962248Z git version 2.55.0.windows.5
native	Post Run actions/checkout@v4	2026-09-18T11:57:50.0604230Z Temporarily overriding HOME='D:\a\_temp\dfb69bbb-badc-4876-be83-7d665f9c97c6' before making global git config changes
native	Post Run actions/checkout@v4	2026-09-18T11:57:50.0605250Z Adding repository directory to the temporary git global config as a safe directory
native	Post Run actions/checkout@v4	2026-09-18T11:57:50.0614625Z [command]"C:\Program Files\Git\bin\git.exe" config --global --add safe.directory D:\a\BareLine\BareLine
native	Post Run actions/checkout@v4	2026-09-18T11:57:50.0865517Z [command]"C:\Program Files\Git\bin\git.exe" config --local --name-only --get-regexp core\.sshCommand
native	Post Run actions/checkout@v4	2026-09-18T11:57:50.1108902Z [command]"C:\Program Files\Git\bin\git.exe" submodule foreach --recursive "sh -c \"git config --local --name-only --get-regexp 'core\.sshCommand' && git config --local --unset-all 'core.sshCommand' || :\""
native	Post Run actions/checkout@v4	2026-09-18T11:57:51.2625619Z [command]"C:\Program Files\Git\bin\git.exe" config --local --name-only --get-regexp http\.https\:\/\/github\.com\/\.extraheader
native	Post Run actions/checkout@v4	2026-09-18T11:57:51.2829434Z http.https://github.com/.extraheader
native	Post Run actions/checkout@v4	2026-09-18T11:57:51.2861318Z [command]"C:\Program Files\Git\bin\git.exe" config --local --unset-all http.https://github.com/.extraheader
native	Post Run actions/checkout@v4	2026-09-18T11:57:51.3088347Z [command]"C:\Program Files\Git\bin\git.exe" submodule foreach --recursive "sh -c \"git config --local --name-only --get-regexp 'http\.https\:\/\/github\.com\/\.extraheader' && git config --local --unset-all 'http.https://github.com/.extraheader' || :\""
native	Post Run actions/checkout@v4	2026-09-18T11:57:51.7114812Z [command]"C:\Program Files\Git\bin\git.exe" config --local --name-only --get-regexp ^includeIf\.gitdir:
native	Post Run actions/checkout@v4	2026-09-18T11:57:51.7342233Z [command]"C:\Program Files\Git\bin\git.exe" submodule foreach --recursive "git config --local --show-origin --name-only --get-regexp remote.origin.url"
native	Complete job	﻿2026-09-18T11:57:52.1905051Z Cleaning up orphan processes
native	Complete job	2026-09-18T11:57:52.3393991Z Terminate orphan process: pid (3212) (vctip)
native	Complete job	2026-09-18T11:57:52.3631356Z ##[warning]Node.js 20 is deprecated. The following actions target Node.js 20 but are being forced to run on Node.js 24: actions/checkout@v4, actions/setup-python@v5, actions/upload-artifact@v4. For more information see: https://github.blog/changelog/2025-09-19-deprecation-of-node-20-on-github-actions-runners/
